prediction,target,,
0.000865871,0.000298866,,
0.000252264,3.98E-05,,
0.002980605,0.000776389,,
0.000554762,0.000659371,,0.692316464
0.004539824,0.003573934,,
0.000192685,0,,
0.000362483,0.000193094,,
0.000534745,0.000170272,,
-0.000310286,0.000195317,,
0.000187367,0.000216886,,
0.00069946,0.003434727,,
0.000402199,0.00045538,,
0.001310015,0.000726729,,
0.000264646,0.000404981,,
0.001514348,0.001553513,,
0.000671434,2.16E-05,,
0.002047785,0.000215396,,
0.000404725,0.000197928,,
0.000155088,0.000160815,,
9.68E-05,0.000130123,,
0.00199505,0.004230651,,
0.000560059,0.000264965,,
0.000164361,3.48E-05,,
0.000179201,2.93E-05,,
0.000500778,0.000597783,,
0.000197988,0.00012821,,
0.003040705,0.009721622,,
0.001173305,0.00048163,,
9.29E-05,8.19E-05,,
0.000699904,0.000250423,,
0.000732263,0.000111208,,
0.001250576,0.001989202,,
0.000201886,7.83E-05,,
0.000943464,0.000398046,,
0.000448367,0.00037696,,
0.000190273,8.95E-05,,
0.000567971,9.21E-05,,
6.18E-05,5.09E-05,,
6.58E-05,6.39E-05,,
0.00033802,4.70E-05,,
0.002555284,0.00162266,,
0.008966855,0.044369154,,
0.000122638,9.73E-05,,
0.001353083,0.002707897,,
5.75E-05,0.000105934,,
0.001678965,0.001101145,,
7.62E-05,0.000295398,,
0.000963874,0.000491084,,
0.001897829,0.000282648,,
0.001736954,0.000681904,,
0.00015796,7.90E-05,,
0.00020406,0.000122787,,
0.000169656,2.37E-05,,
0.002265507,0.001393016,,
0.00063033,4.48E-05,,
-3.27E-05,0.000148404,,
0.000397642,0.000281692,,
0.000718743,0.000590537,,
0.000151843,0.000345627,,
0.000603475,0.000362502,,
0.001648088,0.000273458,,
0.000166755,0.000362439,,
-0.000130384,0.000130331,,
6.26E-05,0,,
0.013976061,0.015351614,,
0.000158892,0.000180058,,
0.005698012,0.003166878,,
0.014902763,0.050200669,,
0.000176921,0.000293482,,
0.001171855,0.000348205,,
0.000765515,3.78E-05,,
0.001571931,0.000523974,,
0.001554566,0.000913952,,
0.000350144,0.000171046,,
0.000105675,3.43E-05,,
0.001471925,0.000944504,,
0.001012389,0.001123852,,
6.23E-05,4.00E-05,,
0.003248125,0.00263543,,
0.000155017,0,,
6.96E-05,2.50E-05,,
0.001547401,0.001088156,,
0.000404302,0.000477059,,
0.001304434,5.32E-05,,
0.000217195,0.00036079,,
4.88E-05,0.000170103,,
0.000864654,0.000580848,,
0.007812965,0.1452508,,
0.03488029,0.000552859,,
0.000176133,1.73E-05,,
0.000286667,0.000590757,,
0.000876494,0.002934091,,
0.003357829,0.000289811,,
0.008168072,0.057461985,,
0.001547775,0.001019531,,
0.001207188,0.000606286,,
0.000478152,8.23E-05,,
9.91E-05,0.000202641,,
0.000212548,0.000107303,,
0.000396617,0.000282029,,
0.008401189,0.003391179,,
7.31E-05,0.00013498,,
1.60E-05,0.000212649,,
0.000277284,0.000255847,,
0.000113092,0,,
0.000159279,6.11E-05,,
-1.31E-05,0.000225126,,
0.003407103,0.00310691,,
0.000117831,9.79E-05,,
8.12E-05,2.05E-05,,
0.000131801,0.000336037,,
0.002269197,0.00145495,,
0.000539929,0.000446862,,
0.001603284,0.000767308,,
0.000164833,0.000119458,,
7.58E-05,0.00021082,,
0.000135302,0.000204617,,
0.003460623,0.000491504,,
0.000194989,0.000218734,,
0.002333711,0.004858242,,
0.004191362,0.000353507,,
0.000328758,0.00021523,,
0.000706343,0.000424962,,
0.000489397,0.000267134,,
5.57E-05,0.000179697,,
0.000810382,0,,
0.055743545,0.056831658,,
0.000883676,0.0003526,,
0.001214917,0.000658603,,
0.000341843,0.000579644,,
0.000570772,0.000335911,,
3.34E-05,0.000106301,,
-0.000443511,0.000904549,,
0.001030372,0.003006125,,
0.000119189,0,,
0.001259905,0.000224863,,
0.000443858,0.000303914,,
0.0007778,0.00011197,,
0.000437681,0.000119805,,
0.000100799,0.000110244,,
0.002563077,0.000351121,,
0.000292202,0.000506357,,
0.001145141,0.000968649,,
0.000216521,0.00021491,,
0.00241819,0.001311247,,
0.00252581,0.000463821,,
0.000765146,0.000176068,,
0.000225615,0.008483935,,
0.000130312,0.000157352,,
0.000813905,0.000536238,,
0.00100138,0.000467037,,
0.000880438,1.38E-05,,
6.38E-05,0.000280699,,
0.001190988,0.000288432,,
-0.000120319,0.000100686,,
1.29E-05,0.001047425,,
0.000300345,0.001375201,,
0.000141601,0.000198458,,
0.000385858,0.000310658,,
0.012869437,0.018712024,,
0.00149645,0.002153085,,
0.004055893,0.003902488,,
0.000738085,0.000897985,,
3.14E-05,0.000111272,,
0.000628,7.95E-05,,
5.89E-06,0,,
0.000132721,2.59E-05,,
0.000161008,0.000380104,,
0.000464322,9.05E-05,,
6.84E-05,2.74E-05,,
0.001277514,0.001224628,,
0.001929133,0.001754298,,
2.31E-05,0.000361795,,
0.000535929,0.000822935,,
0.000143767,1.80E-05,,
0.000963054,0.000796902,,
0.001964863,0.001519133,,
0.003197744,0.00102613,,
0.00028515,0.000705703,,
0.000331251,0.000104957,,
0.000872989,0.000176612,,
8.97E-05,6.38E-05,,
5.43E-05,0.000222271,,
0.000119096,0.000142191,,
7.14E-05,0,,
0.001898542,0.000310135,,
6.62E-06,2.66E-05,,
0.005777753,0.004299109,,
0.000968134,0,,
0.003033636,0.001056563,,
0.000186403,0,,
0.000321866,0.000907516,,
-3.58E-05,8.45E-05,,
0.000360586,0.000679696,,
0.08342277,0.195866762,,
0.002307546,0.007673777,,
6.33E-05,1.66E-05,,
0.00249107,0.010791258,,
0.002223349,0.000201298,,
8.03E-05,9.99E-05,,
0.051432062,0.081007634,,
3.80E-05,0.000300259,,
0.000674158,0.000334258,,
0.000922985,0.000797361,,
0.001944882,0,,
0.001116873,0.000739409,,
0.000857961,0.000174199,,
0.002703859,0.000875852,,
0.001109468,0.001079791,,
0.010823256,0.007332424,,
0.000545708,0.000319185,,
0.000255513,0.000424553,,
0.02636984,0.056604153,,
0.000117808,0.000212832,,
0.000722592,0.000694562,,
0.06710758,0.061981296,,
7.70E-05,0.000195271,,
0.000332859,0.000233746,,
0.09046129,0.046957606,,
0.000107906,0.000199977,,
0.001068844,0.006170343,,
3.35E-05,2.56E-05,,
0.000337608,0,,
0.000508155,0.000502086,,
5.90E-05,3.57E-05,,
0.000114201,0.000183025,,
0.000144996,0.000205278,,
0.001842157,0.001334292,,
0.000453369,0.000124686,,
0.000350187,0.000506143,,
-3.27E-06,0.000101544,,
0.000528549,3.77E-05,,
0.000560103,0.001690257,,
9.72E-05,2.36E-05,,
0.000189282,9.50E-05,,
1.41E-05,0.000451543,,
0.001142149,0.000377915,,
0.000122667,0.000135941,,
0.002963081,0.000332511,,
0.000275302,0.00014479,,
-1.12E-05,0.00019303,,
0.000587191,0.00052119,,
7.23E-05,2.91E-05,,
0.000511014,0.000122095,,
0.000431233,0.000100574,,
0.000665773,0.0006705,,
0.002399118,0.000585499,,
0.000121078,0.000695144,,
2.04E-05,0.000424214,,
0.000788763,0.002102784,,
-0.000469565,0.000206022,,
3.58E-05,6.09E-05,,
0.000269276,0.000191982,,
0.000132562,7.24E-05,,
0.000130874,6.54E-05,,
0.000920456,0.000492873,,
0.001818029,0.000503312,,
0.002314478,0.000305361,,
-0.000532713,6.95E-05,,
0.000315348,0.000403209,,
0.000209456,0.000161495,,
0.000268886,0.000196756,,
0.000149743,5.30E-05,,
0.000134591,0.000164307,,
0.000649887,0.000129689,,
2.87E-05,0.000184493,,
0.000442084,0.000540998,,
0.000129349,0.000185751,,
3.78E-05,0.000388848,,
0.001157274,0.000812259,,
9.59E-05,0.000406805,,
0.000514401,0,,
0.000188844,0.000619412,,
-7.76E-05,0.000324769,,
0.000840213,0.000837813,,
0.000134167,3.76E-05,,
7.46E-05,0.000451358,,
-5.94E-05,0.000195755,,
0.000348718,0.001878819,,
0.000184809,0.000129937,,
0.000984512,4.73E-05,,
2.29E-05,0.000113648,,
0.001109559,0.000537798,,
0.000901437,0.000110375,,
0.000256065,0.000232749,,
0.000272775,0.000516896,,
0.000139379,2.74E-05,,
0.000539853,0.00075302,,
0.003765015,0.007291229,,
0.000111872,0.000507265,,
0.000261161,0.00038281,,
0.000222326,0.000275667,,
0.0009289,0.000553195,,
0.009351111,0.005232716,,
0.00012105,0.000215279,,
0.000525415,0.000550103,,
0.000518523,0.000755799,,
0.000192513,0,,
-0.000105592,0.000142931,,
0.000193859,8.48E-05,,
0.001217796,0.000361571,,
-7.78E-05,4.60E-05,,
0.003793002,0.001504445,,
0.003471222,0.003302262,,
-0.000130108,7.38E-05,,
0.000278885,0.000426502,,
0.000614343,0.001128408,,
0.004460283,0.000658624,,
0.00025201,0,,
0.000385342,0.005746511,,
0.000424403,0.000365672,,
-7.41E-05,8.87E-05,,
0.001497056,0.000880273,,
0.000212992,0.000371179,,
0.000399032,0.000140133,,
0.001766929,0.000970108,,
0.000149324,0,,
0.0002964,5.27E-05,,
0.001342708,0.000808059,,
0.000383382,0.000221835,,
0.000350937,6.11E-05,,
0.000472375,0.000183271,,
0.006187365,0.004260092,,
0.000976291,0.00036115,,
0.000126596,9.47E-06,,
0.001163711,0.000171699,,
0.000185574,0.000367746,,
0.000271866,0.000760795,,
7.14E-05,4.70E-05,,
0.000453278,0.000210147,,
0.000964509,0.000827756,,
0.000534676,0.000126871,,
0.000930261,0.000709513,,
0.000921839,0.00477297,,
0.000535061,0.000307616,,
8.38E-05,0.00015191,,
0.000258508,0.0002963,,
0.000886136,0.000426462,,
0.001056283,0.000208423,,
0.000397918,0.000712295,,
0.000515684,0.00013075,,
0.000498972,0.000110652,,
0.000799078,0.000220356,,
1.23E-05,0.001099212,,
0.002387544,0.002413651,,
0.000216948,3.70E-05,,
0.00015367,7.04E-05,,
0.00050371,0.000477779,,
0.000647655,0,,
0.000177174,0.000140938,,
0.000182329,0.000321143,,
0.00015407,0.000608227,,
9.54E-05,8.17E-05,,
0.000262288,0.000157851,,
0.00011523,0.000636917,,
0.001061075,0.000889312,,
0.00485482,0.003546454,,
0.000473046,0.001123964,,
0.00021785,7.32E-05,,
0.000508644,0.000273949,,
0.002369441,0.001079337,,
-6.78E-05,1.49E-05,,
0.002734216,0.000464027,,
7.43E-05,0.000127058,,
0.001350106,0.000551896,,
0.049859043,0.037523299,,
0.000202865,0.000146971,,
0.000144259,0.000279093,,
-0.000461862,0.000194226,,
3.09E-05,0.000805499,,
0.000236846,0.000121894,,
0.000988083,0.000223927,,
0.031158539,0.102739708,,
0.001367689,0.000280383,,
0.007523613,0.005722746,,
0.000350043,0.000259622,,
0.001797081,0.001431676,,
0.000138079,0.00019134,,
-4.43E-05,9.29E-05,,
0.000524872,0.005961069,,
-1.11E-05,0.00050523,,
0.000432785,0.00013571,,
0.000902391,0.001304919,,
0.000734153,0.000401244,,
-0.000357204,7.23E-05,,
0.000310636,0.000450744,,
0.000543338,7.99E-05,,
0.000533732,2.16E-05,,
0.001175074,0.001460254,,
0.001466907,5.85E-05,,
-0.000206144,0.000312173,,
0.002229365,0.000414942,,
0.000184596,9.46E-05,,
-0.000227505,0.000287949,,
0.001066893,0.001783725,,
0.000225855,0,,
-7.12E-05,0.000116754,,
0.000728115,0.000540945,,
-0.000165595,3.75E-05,,
0.000204379,9.17E-05,,
0.001971477,0.003921789,,
0.001083418,0.000729998,,
0.000307073,0.000152507,,
0.002264843,0.000664252,,
0.000577243,9.51E-05,,
0.000535416,0.000334593,,
0.000155867,3.55E-05,,
0.00048777,0.000215253,,
0.008324388,0.003840567,,
0.000399931,4.58E-05,,
-1.35E-05,7.82E-05,,
0.004219738,0.000685592,,
-0.000204519,0.000155917,,
0.000414716,0.00517514,,
9.77E-05,0.000115848,,
0.000160356,0.000168736,,
0.000122991,0.000145065,,
0.002949283,0.006980684,,
0.00022384,0.002038259,,
-6.70E-06,4.20E-05,,
0.004025429,0.002574182,,
-0.000239088,6.64E-05,,
0.000413797,0.000460338,,
0.005423567,0.000779649,,
0.00045513,0.000519983,,
0.000189458,4.85E-05,,
0.000320364,0.000123919,,
0.000245909,0.000459256,,
0.000358804,0.000276405,,
0.000126961,1.83E-05,,
0.000714159,0.000694031,,
0.000365509,0.00021695,,
0.000190641,8.96E-05,,
0.000231394,8.97E-05,,
0.000572068,5.93E-05,,
0.000142936,0.000239788,,
0.000102228,9.97E-05,,
0.001936534,0.000709439,,
2.08E-05,0.000220323,,
0.001931642,0.000813839,,
0.000221167,0.000120565,,
0.009736441,0.003199084,,
-1.47E-05,0.000375671,,
0.000164961,7.24E-05,,
8.55E-05,0.000111134,,
0.000117273,0.000199642,,
0.000109478,6.81E-05,,
0.003112634,0.001473567,,
0.008928969,0.003835734,,
0.000207656,0.000166731,,
0.000202397,5.00E-05,,
0.000577788,0.000227385,,
0.000351702,0.000563719,,
0.000119846,6.91E-05,,
0.000416901,0.000398179,,
3.51E-05,0.000154371,,
0.000443443,0.003849644,,
0.00019908,0,,
0.000118811,0.000124525,,
0.001805455,4.60E-05,,
0.001195312,0.000329864,,
0.000149058,0.000108502,,
0.000261522,0.00035331,,
0.000428499,0.000237071,,
0.000227897,0.000884636,,
0.000421334,0.00090229,,
7.21E-05,0.00043857,,
0.000851377,0.000240074,,
0.000427184,0.000192132,,
0.000103064,0.000122607,,
-2.54E-05,1.49E-05,,
0.002618868,0.000360566,,
0.000221448,2.83E-05,,
-0.000118691,0.00016846,,
0.000212762,0.000701675,,
0.000410028,2.53E-05,,
0.000269788,0.001960897,,
0.00016664,0.000180051,,
0.000849285,9.88E-05,,
-0.000402185,7.39E-05,,
0.00591013,0.001659061,,
-0.000108564,0.000123495,,
0.001391926,0.00079183,,
0.000833589,0.000208866,,
0.000110312,0.000117096,,
0.000439251,3.41E-05,,
0.000412138,0.000516807,,
0.000616983,0.00087754,,
-9.94E-05,0.000488802,,
-3.44E-05,0.000202567,,
0.005735858,0.002923271,,
0.00020732,0.000260674,,
0.0915297,0.11048922,,
0.000225228,8.57E-05,,
0.000266351,0.000202712,,
0.000489483,0.000681384,,
0.000500102,0.000161103,,
0.000560383,0.000467676,,
-0.000139544,1.04E-05,,
0.00028776,0.000434617,,
0.000438808,0.000320564,,
3.13E-05,3.86E-05,,
0.000391019,0.000157282,,
0.000125903,0,,
0.000299394,7.00E-05,,
0.001058251,0.000522766,,
0.000129858,6.90E-05,,
0.002895977,0.001452697,,
0.000192849,0.000167398,,
0.000954888,8.42E-05,,
0.003346274,0.000619188,,
0.001537415,0.000463934,,
0.004854279,0.001490888,,
5.44E-05,0.000128415,,
0.00186743,0.001497354,,
8.82E-05,0.000127004,,
0.001667558,0.000348237,,
0.000280964,0.00031167,,
0.000189984,0.000152451,,
0.000237218,0.000230009,,
0.003035368,0.006630996,,
0.004529767,0.002612108,,
0.003882032,0.001386294,,
0.001308517,0.000429166,,
6.00E-05,8.87E-05,,
0.00252862,0.000668352,,
0.000219778,0.000154899,,
0.003440157,0.001720113,,
0.000285784,0.000128851,,
0.00041753,0.00011177,,
0.000267792,1.12E-05,,
0.000351895,0.000446498,,
0.000183745,0.000185621,,
0.000161151,0.000181931,,
7.32E-05,8.37E-05,,
0.005564119,0.002070615,,
0.026887722,0.020977655,,
0.000933913,0.000396803,,
0.001438308,0.000210945,,
0.002658975,0,,
3.72E-05,7.36E-05,,
0.000355485,0.000375728,,
0.000676225,0.000328719,,
-9.39E-05,2.35E-05,,
0.00045722,0.000129759,,
-5.19E-06,0.000897345,,
0.000161933,0.000285891,,
0.004429597,0.001541297,,
0.000639212,0.000253797,,
0.000506883,0.000181707,,
0.000544738,0.00033846,,
0.000583876,6.25E-05,,
0.000701003,0.000425263,,
0.000202081,2.71E-05,,
0.00113374,0.003254335,,
0.000105785,2.30E-05,,
0.000236472,8.50E-05,,
0.005333198,0.003521342,,
0.00042486,0.000320911,,
0.001293732,0.000103832,,
0.000659806,0.000913902,,
5.81E-07,5.83E-05,,
0.000150234,0.002594433,,
0.000368516,0.000181673,,
2.33E-05,5.42E-05,,
0.000387286,0.000435065,,
-1.09E-05,7.94E-05,,
0.001163309,0.000744875,,
0.012187254,0.004108429,,
-0.000175145,6.38E-05,,
0.000113083,2.73E-05,,
0.00021848,0.000171304,,
0.000246926,0.000450559,,
0.000357034,0.000298368,,
0.001232832,0.000728743,,
0.000530508,0.000135707,,
0.00230167,0.000277184,,
0.000270153,5.24E-05,,
0.000251839,0.000279599,,
0.000939128,9.83E-05,,
0.009039778,0.002772655,,
0.000337343,0.001062627,,
0.000181029,7.63E-05,,
0.000281942,0,,
0.000439156,0.000989119,,
0.000339206,0.000223671,,
0.000860637,0.000244267,,
0.00074019,0.000940249,,
0.000313271,4.28E-05,,
0.000112325,4.45E-05,,
0.000270613,0.00019995,,
0.002487976,0.001324294,,
0.000177129,0.001721702,,
0.001585788,0.001115505,,
0.000190281,0.000205828,,
0.000679966,0.000528539,,
0.000973762,0.000992745,,
3.59E-05,9.43E-05,,
0.000128982,4.44E-05,,
0.00296202,0.006836507,,
0.000399935,0.000583717,,
0.000908123,0.000267548,,
0.000140075,0,,
0.000111047,0.000151211,,
0.000155017,0.000104079,,
0.000948289,0.000252887,,
0.000206589,7.18E-05,,
0.000308882,4.27E-05,,
0.000207122,0.000143074,,
0.001312143,0.000668986,,
0.001132567,0.001405465,,
0.001023823,0.000428986,,
0.001026416,0.000262928,,
0.002091465,0.001556108,,
0.000192119,0,,
4.69E-05,6.44E-05,,
0.000160153,7.01E-05,,
7.70E-05,3.09E-05,,
1.71E-06,0,,
0.004285625,0.002460577,,
0.000436775,0.000120317,,
0.000538848,0.001317994,,
0.000468502,5.36E-05,,
2.95E-05,5.46E-05,,
0.000253552,0.000105797,,
0.00190665,0.001736896,,
0.000566116,0.000170573,,
0.001143431,0.000247836,,
0.001807301,0.000469379,,
0.000471214,0.000449804,,
-0.000236112,0.000118449,,
0.000463996,0.000179845,,
0.000228502,0.000551275,,
0.002179027,0.001156492,,
0.000174203,0.000254293,,
0.00026675,0.000803719,,
-7.71E-05,0.0002131,,
0.000308692,0.000734226,,
0.00131016,0.001940642,,
0.000385639,0.000253595,,
0.005489772,0.001296417,,
0.001169366,0.000707243,,
5.23E-05,0,,
0.000357838,0.000283419,,
-1.56E-05,6.21E-05,,
0.00023241,0,,
8.97E-05,5.40E-05,,
0.001099023,0.000130216,,
0.026872138,0.046793283,,
0.000192174,2.24E-05,,
2.20E-07,7.26E-05,,
0.000285331,0.000507147,,
9.79E-05,2.76E-05,,
0.000106558,0.000330761,,
0.000238316,0.00019987,,
0.000579417,0.000882342,,
0.000511309,0.001206956,,
0.00010572,0.000147682,,
0.000612096,0.000313266,,
0.000593569,0.000200351,,
-0.000458022,0.000343071,,
0.000136315,5.87E-05,,
0.000241101,9.34E-05,,
0.000638673,0.000375152,,
0.001077175,0.000571673,,
0.000225415,0.000906907,,
0.000521617,0.000397416,,
0.000630111,0.001021818,,
0.001263926,0.001450915,,
9.56E-05,0.000322555,,
0.001271563,0.00046224,,
0.00045515,0.000611847,,
0.000331557,0.000415001,,
0.000218506,0,,
0.000458349,0.000441233,,
0.000234949,0.000191546,,
0.001541929,0.001263791,,
0.000281317,0.000329123,,
5.68E-05,9.12E-05,,
0.002598548,0.00030736,,
0.000530438,0.000379463,,
0.00015316,1.11E-05,,
0.000362351,0.000195392,,
0.008453152,0.005202589,,
0.000538875,0.000281368,,
0.000129889,0.000125164,,
0.00102463,0.000136784,,
0.000252505,4.33E-05,,
0.028918987,0.031287684,,
0.000197123,0.00011964,,
-1.18E-05,0.000165275,,
-0.000157875,0.000379899,,
0.001663197,0.001921722,,
0.001042147,0.001061488,,
0.000254161,0,,
0.000665164,0.000201586,,
1.34E-05,6.64E-05,,
0.000506178,0.000153918,,
0.000873365,0.003033415,,
0.00064344,0.000787992,,
0.000104908,0.000390998,,
0.000718987,0.000275673,,
2.35E-05,6.39E-05,,
0.000799803,0.000793616,,
0.000279052,0.000201347,,
0.000123377,0,,
0.000845975,0.000689998,,
9.58E-05,0.000109733,,
5.79E-05,7.64E-05,,
0.001507825,0.00101248,,
0.015412803,0.011360674,,
0.000951836,7.78E-05,,
0.003024997,0.011590027,,
-0.000123522,0.000111597,,
-0.000744514,0.0005394,,
0.001259254,0.002327016,,
-0.000571916,7.14E-05,,
0.00039627,0.000243189,,
0.000670857,0.000143975,,
0.000199835,2.73E-05,,
0.001014674,0.000102683,,
-8.00E-05,0.0003584,,
0.000657869,0.001559452,,
0.000769281,0.000550062,,
0.000253938,0.00077749,,
0.003726029,0.006400283,,
0.000648527,4.44E-05,,
-0.000319202,0.000417194,,
0.003235403,0.000237519,,
0.000158825,4.57E-05,,
0.000143827,9.43E-05,,
0.000617797,8.57E-05,,
0.00042128,0.000819173,,
0.000516902,0.000247338,,
0.000387828,0.00025912,,
-3.88E-05,0.000222068,,
0.000139992,0,,
7.01E-05,0.000241155,,
0.001803398,0.000415515,,
0.000127795,7.96E-05,,
0.000258761,0.000221288,,
0.000167118,7.38E-05,,
9.27E-05,0.000211352,,
0.00094387,0.000977965,,
0.006423196,0.052932595,,
0.001880282,0,,
0.00084131,0.000167972,,
9.79E-05,0.000295428,,
1.93E-05,4.19E-06,,
0.000435857,7.87E-05,,
0.000594616,7.69E-05,,
0.052385192,0.070197363,,
0.000922829,0.000456072,,
0.000686698,0.005522482,,
0.003534828,0.002367331,,
0.000797213,0.004487125,,
0.000264147,0.00011923,,
0.000124606,6.42E-05,,
0.000145905,2.75E-05,,
6.38E-06,0.000211157,,
7.89E-07,4.28E-05,,
0.000748204,0.000554334,,
0.000103895,0.000313083,,
0.001006633,0.000968145,,
8.35E-05,4.54E-05,,
0.000113087,0,,
4.91E-05,0.000321576,,
0.000126225,0.000223972,,
0.000585718,9.72E-05,,
0.000410574,6.67E-05,,
0.000316881,0.000753474,,
-1.01E-05,0.000181086,,
-4.27E-05,0.000536195,,
0.000412124,0.000224117,,
0.001803633,0.003125381,,
0.000600146,0.000377014,,
0.000156114,0.000202748,,
0.000197479,0.000285126,,
0.000428891,2.58E-05,,
5.37E-05,0.000235652,,
0.000126274,0.00033219,,
0.000198795,0.000305355,,
0.000223728,0.000175335,,
4.07E-05,0.001437944,,
0.000552335,0.000375057,,
0.00110704,0.002189447,,
6.85E-05,6.89E-05,,
5.52E-06,0.000707209,,
0.000747664,0.000190161,,
0.000497077,0.000707041,,
7.60E-05,3.25E-05,,
0.000981923,0.000791305,,
0.001117465,0.001230629,,
0.002056596,0.002330629,,
0.000455106,0.000271934,,
9.82E-05,0.000129424,,
9.11E-05,0.000183588,,
0.000394488,3.78E-05,,
9.68E-05,0.000206167,,
0.003773089,0.012005328,,
0.000535678,9.01E-05,,
0.005387391,0.000646233,,
0.002035071,0.001155154,,
0.000676705,1.18E-05,,
0.005392883,0.007315858,,
-0.000215145,6.97E-05,,
0.107025705,0.199608534,,
-6.08E-05,0.000126394,,
0.001589464,0.001689764,,
0.001106016,5.73E-05,,
0.000134198,0.00031904,,
0.000683706,0.000698647,,
0.000229619,6.32E-05,,
9.20E-05,0,,
5.22E-05,0.000408949,,
0.001884409,0.003172799,,
0.001390549,0.00072325,,
0.000493542,0.000843379,,
0.002937688,0.00048932,,
0.004751933,0.00752503,,
0.005481067,0.004250059,,
0.000288447,0.000229115,,
0.000303265,0.00020019,,
0.000168405,0.000179286,,
0.000174072,0.000104977,,
0.000149096,6.88E-05,,
6.74E-05,6.49E-05,,
1.62E-05,0.000164887,,
0.000252946,7.76E-05,,
0.000383715,0.000144781,,
0.000119992,6.14E-05,,
7.68E-06,3.63E-05,,
0.000333519,0.003306261,,
3.55E-06,9.34E-05,,
0.005160506,0.000746588,,
8.19E-06,5.81E-05,,
1.47E-05,0.00021549,,
0.00447441,0.002239175,,
0.000812301,0.000570721,,
0.0014048,0.004807251,,
4.56E-05,0.000244374,,
0.000637339,0.000736324,,
0.001165542,0.000419551,,
0.000114511,0.000168985,,
0.000700478,0.000362588,,
0.001282514,0.000939756,,
0.002076082,0.000202757,,
0.000230916,8.78E-05,,
0.000123419,6.06E-05,,
0.002587361,0.003791995,,
0.004110423,0.001685581,,
0.000455239,0.000234279,,
5.73E-05,0.000253978,,
0.004850152,0.01732954,,
0.002078723,0.002031409,,
0.008798614,0.000494875,,
-4.67E-05,7.51E-05,,
0.000642221,0.000375312,,
0.001573517,0.000636403,,
0.000334436,0.003104301,,
0.000164726,7.40E-05,,
0.000583564,0.000175361,,
0.001008021,0.000732077,,
6.58E-05,0.000240036,,
0.000471546,0.000120267,,
0.000253395,5.94E-05,,
5.04E-05,5.37E-05,,
0.000868501,0.000284757,,
0.002092189,0.000510902,,
0.000539007,0.000259601,,
0.000715158,6.34E-05,,
-0.000103153,0.000456734,,
0.000854531,5.86E-05,,
-0.000314559,0.000783937,,
4.84E-05,6.20E-05,,
0.000459632,8.70E-05,,
9.46E-05,2.95E-05,,
0.000327241,0.000107034,,
0.000224546,8.57E-05,,
-0.000234063,0.000220254,,
0.002024786,0.0027235,,
0.003083372,0.0028595,,
0.001266978,0.003140119,,
0.000773212,0.003793307,,
2.71E-05,0.000207243,,
0.001489629,0.001024679,,
0.000305598,0.000509667,,
9.67E-05,0.000114631,,
0.006694844,0.014806788,,
0.000314707,1.68E-05,,
0.000503407,0.000272326,,
0.000430984,0.000153669,,
-0.000111575,3.31E-05,,
0.000847756,0.000241312,,
0.002586267,0.011801295,,
0.000150202,5.23E-05,,
0.001196607,0.000372971,,
0.000603271,0.000889038,,
0.001099703,0.001053435,,
8.30E-05,2.98E-05,,
0.001147642,0.000560973,,
0.000670037,0.00021492,,
1.26E-05,8.67E-05,,
6.14E-06,0.000412314,,
0.000503094,0.000165714,,
0.00319465,0.001362107,,
0.001604285,0.000680945,,
0.00028073,4.43E-05,,
0.001477868,0.000268249,,
0.000281269,0.000219116,,
-5.21E-06,0.000144345,,
0.000701469,0.000173016,,
6.10E-05,0.000705992,,
0.0001199,6.69E-05,,
-2.29E-05,0.00088965,,
0.002944472,0.00051652,,
-0.000164909,5.97E-05,,
0.002079235,0.000767393,,
0.000839241,0.000596649,,
0.000256991,0.000221558,,
0.000227599,0.000532496,,
0.000190155,0.000562786,,
0.002835415,0.000407793,,
7.16E-05,5.50E-05,,
0.001035001,0.003331095,,
8.54E-05,1.82E-05,,
0.000102176,0.000476092,,
0.004026962,0.014233847,,
0.00098794,0.000204519,,
0.001448676,0.003367542,,
0.000261289,0.000311365,,
0.001568701,0.003067549,,
0.000293873,7.65E-05,,
-0.000242271,0.001191474,,
0.000261098,0.000106932,,
8.64E-05,0.00017014,,
7.94E-05,0.00030279,,
0.000299823,6.67E-05,,
0.002260669,0.000351656,,
0.000473362,0.00020915,,
0.001214721,0,,
0.000998555,0.000923967,,
-1.24E-05,0.000128225,,
0.000487689,8.25E-05,,
0.000317048,0.000239493,,
0.000608346,5.85E-05,,
0.000155186,7.58E-05,,
0.000818623,1.35E-05,,
0.04372211,0.039233591,,
-0.000135525,8.18E-05,,
0.000876639,0.001946985,,
9.87E-05,7.82E-05,,
0.001462341,0.000639799,,
0.013352047,0.013166676,,
5.74E-05,0.000303616,,
0.000256253,0.00020097,,
0.000623684,0.000257503,,
0.000761855,4.98E-05,,
-0.000179215,7.17E-05,,
0.000987053,0.00099937,,
0.000839869,2.72E-05,,
0.00188019,0.002012816,,
0.001741306,0.000898077,,
0.000334505,0.000764646,,
0.000283862,0.000134687,,
0.000895221,0.000676124,,
0.000422815,0.000556627,,
0.000613706,0.000912657,,
0.000868191,0.000613543,,
0.000663902,0.000661834,,
0.000410594,0.000136291,,
0.000353332,0.000149908,,
0.000504672,0.000197982,,
0.000920699,0.000533351,,
0.000524034,8.65E-05,,
0.001340422,0.000441727,,
0.001328629,0.000558155,,
0.002383063,0.001301722,,
0.000477219,1.54E-05,,
0.000416593,0.000888693,,
0.000868761,0.000321349,,
0.013910245,0.017199257,,
0.010435841,0.017127723,,
0.000357353,0,,
0.013004027,0.003402741,,
5.45E-05,2.10E-05,,
0.000475017,0.000501853,,
7.93E-05,0.000277361,,
0.000472769,2.68E-05,,
4.32E-05,0.000154491,,
0.000617693,4.42E-05,,
0.000436549,0.000423466,,
0.002810985,0.001164564,,
0.001527748,0.001299972,,
0.000410015,5.43E-05,,
0.000329649,0.00011843,,
0.000530357,0.000305317,,
0.00070597,0.004350715,,
0.001572057,3.23E-05,,
0.001712187,0.001921319,,
0.000261743,0.000350323,,
0.005580211,0.005001169,,
0.00271138,0.011142484,,
0.000341818,2.92E-05,,
0.000247629,0.000279535,,
0.002125611,0.001461363,,
0.000281118,6.93E-05,,
0.000514726,0,,
0.001289601,0.000387401,,
0.000237841,6.80E-05,,
0.000721442,0.000131876,,
0.001695893,0.000272411,,
0.000314325,0.000155677,,
0.000389906,0,,
0.000590157,0.0003196,,
0.000392992,0.000415702,,
0.000204426,4.20E-05,,
0.001653238,0.004360541,,
0.000552439,0.000488473,,
0.000792104,4.45E-05,,
0.000442787,0.000380006,,
0.000196767,0.000163142,,
0.000658527,0.000439126,,
0.000272614,0.000444953,,
0.000298544,4.95E-05,,
0.001951649,0.001033516,,
0.000192714,6.78E-05,,
0.001459661,0.000985385,,
0.001352914,0.000784468,,
0.001393156,0.006978176,,
0.000279377,4.64E-05,,
0.000267847,0.000141932,,
0.000304406,0.000198407,,
0.000348907,2.06E-05,,
0.000477485,0.000198381,,
0.000552376,0.000800214,,
0.000701427,0.000466803,,
0.000339218,9.42E-05,,
0.000314552,0.000244505,,
0.000309764,0.000130006,,
0.000349896,0.000716628,,
0.000598175,0.000366747,,
0.000253193,0.000107426,,
0.001331914,0.000132438,,
0.001251578,0.0004672,,
0.000672009,0.0079851,,
0.00055402,0.001335844,,
0.022344515,0.001839646,,
0.000424855,0.00036968,,
0.00042129,3.50E-05,,
0.000557011,0.000448076,,
0.000409889,0.000310047,,
3.75E-05,0.000102903,,
0.000264979,5.50E-05,,
0.000309164,0.000127788,,
0.037384313,0.069465983,,
0.000453569,0.000187793,,
0.000711035,0.000411464,,
0.001179443,0.002226668,,
0.003456662,0.001877848,,
-6.60E-05,0.000318816,,
0.000244979,0.000138387,,
0.000336025,9.30E-05,,
0.013007651,0.002999718,,
0.000616347,0.000410134,,
0.001288011,0.000462052,,
0.000579428,0.000299589,,
0.000732844,0.000174892,,
0.0003172,4.59E-05,,
0.000540031,0.000279645,,
0.000545731,0.000200572,,
0.009822148,0.004945574,,
0.000645414,0.000263696,,
0.0004722,0.000290985,,
0.000553232,0.000866843,,
0.000727451,0.000120702,,
0.000544907,0.000170289,,
0.000490162,0.003517628,,
0.000533046,0.000168165,,
0.000724652,0.001125773,,
0.06757357,0.094736906,,
0.00025257,7.76E-05,,
0.006102195,0.014663622,,
0.000426153,9.86E-06,,
0.002318851,0.001138604,,
0.000457467,0.000112918,,
0.000539129,0.000202134,,
0.000850882,0.001392157,,
0.000297064,0.000133491,,
0.000483636,4.34E-05,,
0.000685984,0.000277388,,
0.000492003,0.000547549,,
0.000417216,0.000337916,,
0.000354752,5.91E-05,,
0.000492513,6.42E-05,,
0.000267402,0.000159147,,
0.00061572,8.85E-05,,
0.000348263,1.85E-05,,
0.000492067,0.000834281,,
0.08406445,0.08587257,,
0.001454301,0.000620381,,
0.000361172,0.000414382,,
0.000884591,0.001745771,,
0.000230246,0.000368259,,
0.001560849,0.000683077,,
0.000522169,5.79E-05,,
0.000301977,4.69E-05,,
0.112986,0.124345157,,
0.000187388,0.000180015,,
0.000285733,3.98E-05,,
0.003043113,0.002420543,,
0.000323296,0.000630033,,
0.00130788,0.000394836,,
0.002010424,0.007735544,,
0.000929997,0.001201429,,
0.000584322,0.001315486,,
0.001245094,0.000599316,,
0.000252797,0,,
0.000661063,7.55E-05,,
0.0201543,0.006956684,,
0.000283954,3.83E-05,,
0.000479725,0.000125356,,
0.000319,0,,
0.00028564,5.36E-05,,
0.000426201,8.91E-05,,
0.000280163,0.001689848,,
0.000865008,0.000349437,,
0.000287138,0.000173733,,
0.00020816,0.000113055,,
0.000573854,0.000253884,,
0.000279434,0,,
0.000595662,0.00044899,,
0.001775282,0.000530845,,
0.000616693,0.000298287,,
0.000288184,0.000340632,,
0.000310739,0.000194459,,
0.000733933,0.000107145,,
0.000355627,2.17E-05,,
0.00081359,0.000887408,,
0.001181698,0.001063242,,
0.000697233,3.04E-05,,
0.000280543,4.07E-05,,
0.000507321,3.98E-05,,
0.000798191,0.002715345,,
0.000209461,3.16E-05,,
0.000443185,0.000483977,,
0.000450617,0.00031561,,
0.000773445,0.000207743,,
0.000836492,4.22E-05,,
0.000488513,8.75E-05,,
0.00044902,5.64E-05,,
0.00076848,0.000960719,,
0.001145456,0.000989491,,
0.000559647,0.000399004,,
0.05683444,0.14195038,,
0.001020061,0.00180345,,
0.003573945,0.005444216,,
0.000544086,0.001280539,,
7.99E-05,0.000554175,,
0.000373341,6.58E-05,,
0.04188324,0.020342461,,
0.000970403,0.000732398,,
0.000881955,0.000774955,,
0.000298334,0.000118228,,
0.001874653,0.001838951,,
0.000287029,8.50E-05,,
0.000481483,0.000694134,,
0.000320354,7.44E-05,,
0.000490647,0.000111916,,
0.0002945,5.32E-05,,
0.002242549,0.00180038,,
0.001040526,0.000367078,,
0.000297859,0,,
0.001322369,0.001237694,,
0.001607985,0,,
0.000363307,0,,
0.000517265,0,,
0.00025859,5.96E-05,,
0.004439322,0.006723312,,
0.000769115,0.000484858,,
0.000347454,0.000183601,,
0.000752135,0.000154552,,
0.000334312,0.001086343,,
0.000593239,0.000412117,,
0.000342848,3.91E-05,,
0.000528206,0.001306068,,
0.00067337,0.000160207,,
0.007370768,0.001340598,,
0.000371619,6.94E-05,,
0.000306516,0.000112439,,
0.000145216,9.69E-05,,
0.000631859,0.000281496,,
0.000472464,9.63E-05,,
0.000283321,0.000138227,,
0.000472623,7.08E-05,,
0.000446934,0.000278985,,
0.002293861,0.000418216,,
0.000215942,4.12E-05,,
0.000931743,0.001113704,,
0.001554698,0.00028172,,
0.000279464,0.000265246,,
0.001155791,0.000340029,,
0.000359003,0.000119247,,
0.000696329,0.000262588,,
0.002187051,0.002055856,,
0.000565216,0.000363228,,
0.000873493,7.66E-05,,
0.000342416,0.000219239,,
0.000127295,0.000246748,,
0.002428748,0.00105751,,
0.009630317,0.021436876,,
0.000567704,0.000342578,,
0.000279309,6.28E-05,,
0.00030019,9.52E-05,,
0.000699406,0.00051338,,
0.000597124,0.000323783,,
0.000388308,4.75E-05,,
0.000521093,0.000191745,,
0.000362046,0.000157868,,
0.000269158,0.000113957,,
0.002808501,0.000483095,,
0.000851226,0.000323958,,
0.000181686,0.000111135,,
0.000294326,0.000153565,,
0.001287306,0.000192441,,
0.002036029,0.000581039,,
0.000269879,7.76E-05,,
0.001627713,0.000220862,,
0.006187751,0.003103947,,
0.00209379,0.000860746,,
0.000735804,0.001076856,,
0.008455745,0.010369445,,
0.001965078,0.002140886,,
0.000275639,8.50E-05,,
0.000595418,0.000162965,,
0.001042471,0,,
9.29E-05,0.000260148,,
0.000636853,0,,
0.000118325,0.000365341,,
0.00073242,0.000351046,,
0.002086016,0.000542072,,
0.000659868,0.000137754,,
0.000277367,1.62E-05,,
0.000797771,6.90E-05,,
0.000313979,2.77E-05,,
0.000357681,0.000140544,,
0.000294607,8.82E-05,,
0.000668323,0.000238447,,
0.000487647,0.000224698,,
0.000736149,0.000522703,,
0.00079227,0.000114451,,
0.000540764,0.000135003,,
0.000277189,6.95E-05,,
0.000560488,0.000566709,,
0.000285301,2.83E-05,,
0.000498848,0.000248803,,
0.000265224,5.17E-05,,
0.004579276,0.000809902,,
0.00195937,0.000891843,,
0.001417457,0.000561067,,
0.000256678,0.000131523,,
0.001099206,0.001512858,,
0.000354449,0.000414989,,
0.00039654,1.93E-05,,
0.000491265,8.01E-05,,
0.000508047,0.000269116,,
0.000392228,0.000119059,,
0.000477557,0.000652145,,
0.000332162,2.88E-05,,
0.000508683,0.000101656,,
0.000931745,0.00013665,,
0.000857728,0.001113118,,
0.000168486,0,,
0.000454024,5.76E-05,,
0.000381205,0.000139968,,
0.000520365,7.70E-05,,
0.002063295,0.0053646,,
0.002587518,0.000200461,,
0.000922973,0.000807109,,
0.000364385,0.000126272,,
0.05815916,0.038500663,,
0.001335735,0.000551664,,
0.000706056,6.41E-05,,
0.000348281,0.000140478,,
0.003064631,0.00103521,,
0.000880732,0.002254141,,
0.001262512,0.000473047,,
0.002459783,0.000379461,,
0.000426076,0,,
0.000355931,0.0001676,,
0.000278,0.000114371,,
0.000440073,0.000989823,,
0.000312315,0.000300369,,
0.000385385,0.000121831,,
0.000982157,0.000447202,,
0.000694442,0.00030909,,
0.000456543,0.000470412,,
0.000673675,3.37E-05,,
0.001309595,0.000684688,,
0.00031172,8.54E-05,,
0.000742682,0.000257333,,
0.000477571,0.001885215,,
0.000684349,0.000689227,,
0.000636486,0.003249772,,
0.001035264,0.000956847,,
0.000893346,0.000626899,,
0.000270443,7.09E-05,,
0.000255247,0.000370014,,
0.001240842,0.000835646,,
0.017620662,0.007433537,,
0.000381856,0.000206536,,
0.00053821,0.000779973,,
0.000252832,0.000195238,,
0.010620397,0.004783226,,
0.000575738,5.37E-05,,
0.000268004,0.000435409,,
0.001243247,0.000175054,,
0.000585367,0,,
0.000436263,6.96E-05,,
0.000380642,0.000425226,,
0.000473976,0.000194999,,
0.001014269,0.000141008,,
0.000202256,0.000350326,,
0.002255074,0.002077779,,
0.00025511,7.90E-05,,
0.004025002,0.001901117,,
0.0003783,0.000230931,,
0.000273861,0.000183669,,
0.000980364,0.000379399,,
0.007093426,0.004189951,,
0.000149402,0.000486728,,
0.001262511,8.80E-05,,
0.007299706,0.001947822,,
0.000284542,6.96E-05,,
0.000285944,4.49E-05,,
0.002039754,0.000562985,,
0.000371752,0.000133276,,
0.0002764,0.000140104,,
0.00017948,0.000190351,,
0.013141555,0.001083778,,
0.000307297,0.000143662,,
0.002362607,0.000152856,,
0.000430285,0.000154424,,
0.000240768,0.000107842,,
0.000298007,0.000112828,,
0.000262639,0.000140557,,
0.00026162,4.59E-05,,
0.000369304,0.000293389,,
0.00043378,0.000234422,,
0.001520761,0.001317192,,
0.000301655,0.000198274,,
0.000609713,0.000637112,,
0.000247648,0.000115991,,
0.00090448,0.001411368,,
0.000366985,0,,
0.00064045,0.000523611,,
0.000292561,3.10E-05,,
0.005346109,0.012827605,,
0.000425096,4.67E-05,,
0.001082708,0.000986315,,
0.000386498,0.000794227,,
0.006476448,0.00474999,,
0.004319953,0.004570707,,
0.000310298,0,,
0.000204362,0.000169097,,
0.000960111,0.000169633,,
0.00294683,0.000748984,,
0.000783569,0.000491404,,
0.000561772,9.09E-05,,
0.000460716,0.000162894,,
0.000237104,0.000423777,,
0.001802392,0.001052557,,
0.000515482,0.001114838,,
0.000324924,9.34E-05,,
0.000458153,0.000341586,,
0.00025483,5.99E-05,,
0.002642246,0.003683145,,
0.000993359,0.000223374,,
0.040463883,0.071121772,,
0.000289482,0.000180756,,
0.000591584,0.000305007,,
0.000579912,6.69E-05,,
0.000119868,9.66E-05,,
0.001733802,0.001301709,,
7.56E-06,0.000517948,,
0.000193155,2.37E-05,,
0.005027963,0.002308628,,
0.002510034,0.003001487,,
0.000430519,0.000290208,,
0.000263185,4.79E-05,,
0.00118118,0.001753649,,
0.00042356,5.68E-05,,
9.28E-05,0.000188436,,
0.000193128,0.00101934,,
0.000661369,0.000353777,,
0.00027379,0.00031283,,
0.000842119,0.024079483,,
0.000282897,0.000189146,,
0.000321346,0.000348891,,
0.000615663,7.26E-05,,
0.000463275,0.000115878,,
0.000673874,0.000375695,,
0.000772421,3.02E-05,,
0.000310535,8.69E-05,,
0.000287041,0.000166831,,
0.000518332,6.98E-05,,
0.000646215,0.000227342,,
0.000251526,5.71E-05,,
0.000836097,0.000234697,,
0.002609135,0.003344153,,
0.000477556,0.000159122,,
0.001243335,7.74E-05,,
0.000578283,0.000202175,,
0.000671866,0.0001947,,
0.000325332,8.54E-05,,
0.000299222,0.000205787,,
0.000355675,0.000471592,,
0.00076106,0.00160163,,
0.00250595,0.001473868,,
0.00042112,0.000212009,,
0.003771799,0.000377692,,
0.000210084,7.36E-05,,
0.000374936,0.000144861,,
0.000305439,0.000132105,,
0.00048799,0.000612608,,
0.000293295,0.000253548,,
0.000526688,0.000126956,,
0.000277139,2.23E-05,,
0.001820502,0.000209811,,
0.000164138,0.000112261,,
0.000584931,0.000653737,,
0.000356952,0.000274983,,
0.000649587,0.000209616,,
0.000754527,0.000489117,,
0.000300226,0.000153245,,
0.000361714,0.000240666,,
0.000571328,8.64E-05,,
0.000272375,0,,
0.000400504,0,,
0.000576692,0.000270405,,
0.003476623,0.001711504,,
0.000250902,0.000423047,,
0.001216485,0.000265018,,
0.000338084,8.51E-05,,
0.0050844,0.005070062,,
0.000530818,0.001292917,,
0.000264428,0.000154667,,
0.000259305,0.000345475,,
0.000974796,0.000281874,,
0.00044284,0.002019833,,
0.000789571,0.000204377,,
0.000642159,0.00134943,,
0.000866659,0.00078243,,
0.000647941,0.000272461,,
0.002684882,0.000272457,,
0.000321923,0.000131105,,
0.001319963,0.001782424,,
0.000262288,3.72E-05,,
0.001179564,0.000237013,,
0.028517207,0.015402078,,
0.002462316,0.000761992,,
0.000459142,0.00046922,,
0.001993152,0.000416816,,
0.000697264,0.000107136,,
0.000727011,0.000222635,,
0.000281118,6.73E-05,,
0.000508494,0.000421229,,
0.00028546,0.00016567,,
0.01151608,0.009618178,,
0.000519918,0.000129612,,
0.000663013,0,,
0.000301715,0.000134342,,
0.000407357,0.000120611,,
0.002505848,0.000979297,,
0.001437485,0.000928862,,
0.000358314,8.77E-05,,
8.35E-06,1.18E-05,,
0.000231935,0.001697729,,
0.000414804,0.00011095,,
0.006242242,0.00041804,,
0.000788772,0.000138278,,
0.000382671,0.000112333,,
0.000310842,0.000224731,,
0.000867646,0.001565211,,
0.000241452,0.000326299,,
0.000343442,0.000201799,,
0.000587255,0.000833558,,
0.003345144,0.002298794,,
0.000270518,1.99E-05,,
0.000762631,8.97E-05,,
0.000291251,0.001029527,,
0.000269825,4.54E-05,,
0.001186887,0.000905535,,
0.000191165,0.000169612,,
0.00198705,0.007987653,,
0.001463533,0.000791178,,
0.001592932,0.000562866,,
0.000153093,4.27E-05,,
0.000755904,0.002562004,,
0.000342612,0.000236389,,
0.001583035,0.00251315,,
0.000312441,0.000158218,,
0.000472219,0.000364254,,
0.000448612,0.000213225,,
0.000295315,1.70E-05,,
0.000423544,0.000128471,,
0.000262613,0.000155416,,
0.004325284,0.00018413,,
0.000680451,0.000309646,,
0.000435813,8.80E-05,,
0.000550676,0.00010389,,
0.000163185,4.80E-05,,
0.000323102,0.000124901,,
0.015048091,0.006406874,,
0.000629262,3.18E-05,,
0.001669629,0.001142018,,
0.000262863,1.25E-05,,
0.000482598,6.38E-05,,
0.000166515,0,,
0.001079657,0.000364255,,
0.000281713,0.000135072,,
0.001006819,0.000366684,,
0.000303639,0.000122039,,
0.000722903,0.000140704,,
0.00198763,0.000291669,,
0.01579565,0.025673871,,
0.000285683,0.000430223,,
0.00139888,0.001791024,,
0.000203963,0.00049344,,
0.003833082,0.000327643,,
-8.21E-06,0.000178782,,
0.000407298,0.00030718,,
0.000486705,0.000752466,,
0.000284765,7.41E-05,,
0.001857671,0.000794112,,
0.000924999,0.000308388,,
0.000342148,0,,
0.000749585,0.000243944,,
0.000531296,0.000248004,,
0.000306178,0.000245128,,
0.001803815,0.000679627,,
0.001869099,0.002104167,,
0.001019888,0.000138436,,
0.000342901,7.20E-05,,
0.013792872,0.013144442,,
0.000570171,0.000215452,,
0.001513262,0.00112943,,
0.000746312,0.000914487,,
0.000632652,8.32E-05,,
0.000761241,0.000202429,,
0.001268734,0.002264053,,
0.000276897,8.88E-05,,
0.001566179,0.000425549,,
0.000488268,0.000209113,,
0.001386462,0.003501606,,
0.01947128,0.005711104,,
0.000710361,0.001110297,,
0.000918317,0.000113634,,
0.001582916,0.000597924,,
0.000569893,0.000138342,,
0.002836691,0.003785192,,
0.000952764,0.00011176,,
0.000812341,0.000403484,,
0.000313604,0.00016251,,
0.000670315,0.000100968,,
0.001526573,0.000928965,,
0.000790922,0.000250628,,
0.001204589,0.00128569,,
0.000286714,0.000136217,,
0.000280278,5.61E-05,,
0.002653901,0.00155341,,
0.000470297,0.000209775,,
0.00027207,0.000139365,,
0.000312812,0.000465938,,
0.000853221,0.000639583,,
0.001138374,0.003638594,,
0.001178013,0.000537162,,
0.000271715,0.000145206,,
0.000704972,0.002544656,,
0.002443778,0.002338214,,
0.001686974,0.000608317,,
0.000878318,0.001130127,,
0.000392844,0.001016157,,
0.000305681,0.000240807,,
0.001112502,0.001200492,,
0.000291233,0.000300112,,
0.000517169,0.000383452,,
0.000425121,0.00046759,,
0.000697723,0.00010293,,
0.000481805,0.00018253,,
0.000271831,4.27E-05,,
0.000300085,1.59E-05,,
0.002189139,0.000564897,,
0.000477847,6.49E-05,,
0.000957056,0.000838187,,
0.000691896,0.00162013,,
0.00020657,2.20E-05,,
0.000391294,0.000158978,,
0.000609453,0.000282454,,
0.00028601,0.000124468,,
0.004741185,0.004507674,,
0.002387476,0.000219305,,
0.000751448,0.001009476,,
0.000239394,0.00011365,,
0.003462926,0.002104596,,
0.001321107,0.002450019,,
0.00031758,3.39E-05,,
0.00067286,9.32E-05,,
0.00026947,2.90E-05,,
0.000683784,0.000663523,,
0.000654934,0.000442734,,
0.004553703,0.001153982,,
0.000360676,0.000153192,,
0.000519814,0.000129873,,
0.000292792,2.31E-05,,
0.000286398,8.69E-05,,
0.000732055,0.000534944,,
0.030119957,0.01093935,,
0.000366143,0.000124647,,
0.000289899,6.61E-05,,
0.001265216,0.001722009,,
0.000489792,0,,
0.00199388,0.002123958,,
0.000296645,0,,
0.011657752,0.010126555,,
0.000441135,0.000133019,,
0.000472529,0.022781391,,
0.000825952,0.000149958,,
0.00032879,9.05E-05,,
0.000873796,0.00369624,,
0.000374348,0.000229557,,
0.00064381,0.000267689,,
0.001302812,0.000344731,,
0.005807854,0.000684844,,
0.000386036,0.000143773,,
0.004894659,0.000976517,,
0.000243089,0.000508742,,
0.001184943,0.001646746,,
0.000302303,1.47E-05,,
0.000231509,0.001340734,,
0.00067455,0.000132481,,
0.002980462,0.008882136,,
0.000613257,0.001813653,,
0.000232922,4.57E-05,,
0.00033446,0.000145554,,
0.000882284,0.000447052,,
0.002940674,0.003055421,,
0.000719916,0.001095355,,
0.000213947,0.000104148,,
0.001721546,0.001762682,,
0.000890208,0.000605938,,
0.001181763,0.068734369,,
0.000683999,0.001287875,,
0.00053858,8.90E-05,,
0.001939979,0.000575952,,
0.00070633,0.000151772,,
0.000696972,0.001167024,,
0.000292819,0.000388161,,
0.000287576,0.000257936,,
0.000259336,5.59E-05,,
0.000494589,9.88E-05,,
0.004434838,0.001783103,,
0.001522269,0.000120166,,
0.000756987,0.000417347,,
0.000378327,7.72E-06,,
0.000665167,0.00056673,,
0.000236706,9.49E-05,,
0.000283014,1.20E-05,,
0.000292556,0,,
0.000580561,0.00032352,,
0.000338652,0,,
0.000165848,0.000159724,,
0.000768821,0.000549744,,
0.006250433,0.001966689,,
0.00069365,5.37E-05,,
0.000402827,0.000279906,,
0.000589912,7.23E-05,,
0.00041082,0.00026435,,
0.006232586,0.000363292,,
0.000137293,7.17E-05,,
0.000298443,0.000292579,,
0.001897878,0.000924503,,
0.001237536,0.000695858,,
0.000379405,0.000210533,,
0.00028564,2.39E-05,,
0.000646409,0.002915111,,
0.000780962,0.000234666,,
0.000887961,0.000466582,,
0.000550319,0.000428371,,
0.000383637,0.000136903,,
0.005235054,0.001126268,,
0.000710267,0.001910568,,
0.012002013,0.009693973,,
0.000642483,2.77E-05,,
0.000358723,0.000164823,,
0.000779635,4.56E-05,,
0.00108107,0.000426543,,
0.002928921,0.00224999,,
0.000582177,7.66E-05,,
0.000814764,0.000473531,,
0.001278148,0.000994158,,
0.000416604,0.000444081,,
0.000801509,0.00010632,,
0.000398665,2.39E-05,,
0.001372975,0.000845367,,
0.000631224,0.00142704,,
0.000651593,0.000336118,,
0.00180233,0.001896902,,
0.000290084,2.37E-05,,
0.000952844,0.000574581,,
0.000382447,0.000172611,,
0.000288391,0.000262838,,
0.000292434,0.000140248,,
0.000275394,0.000171528,,
0.000453457,0.000178736,,
0.00061563,0.000259125,,
0.001733715,0.00053779,,
0.000422674,7.39E-05,,
0.00025771,0.000118782,,
0.000152779,0.0001338,,
0.002198729,0.00158575,,
0.002314537,0.001623329,,
0.000871916,0.000528172,,
0.000351955,0.00011186,,
0.000454108,0.000288575,,
0.001351399,0.001060801,,
0.000515785,0.001850076,,
0.000897407,0.000772796,,
0.000441749,9.42E-05,,
0.000534816,9.94E-05,,
0.000364189,0.000641363,,
0.000330655,0.000294615,,
0.00021284,0.000225818,,
0.000295055,0.002209863,,
0.000481093,0.000263731,,
0.000283479,4.42E-05,,
0.000395658,0.000134468,,
0.001177274,0.000381586,,
0.000259337,0.000113854,,
0.000550311,3.26E-05,,
0.019383164,0.009725308,,
0.004914347,0.000392875,,
0.005970957,0.006635724,,
0.000352957,2.70E-05,,
0.000364701,0.000742957,,
0.000336114,0.000120697,,
0.000349057,0.000368643,,
0.000368999,6.22E-05,,
0.004695404,8.61E-05,,
0.000215186,4.85E-05,,
0.001020931,0.000750441,,
0.00086955,0.000614605,,
0.000878566,0.000406886,,
0.000382446,6.04E-05,,
0.001418324,0.000833631,,
0.000462132,0.000381123,,
0.000957766,0.000634874,,
0.000141553,8.12E-05,,
0.000478252,4.48E-05,,
0.000778399,0.000153619,,
0.000265624,0.000105377,,
0.000319723,9.03E-05,,
0.00064346,7.73E-05,,
0.005469522,0.001884336,,
0.000660851,6.93E-05,,
0.000345629,7.94E-05,,
0.000747894,0.000200725,,
0.001706261,0.001196694,,
0.000304679,0,,
0.000525582,9.86E-05,,
0.000262287,7.34E-05,,
0.000593773,0.000103093,,
0.00035361,0.000308018,,
0.000623492,0.000317762,,
0.001398238,0.000713878,,
0.000672744,8.61E-05,,
0.000692884,0.000759666,,
7.37E-05,6.18E-05,,
0.001251846,0.000589401,,
0.000830952,4.06E-06,,
0.00104459,0.000958094,,
0.021004602,0.007802248,,
0.000940255,0.000335594,,
0.000654958,0.000592811,,
0.000427809,6.62E-05,,
0.000411901,0,,
0.000210231,9.36E-05,,
0.000818527,0.001893541,,
0.000580439,0.000483964,,
0.000342207,0.000105761,,
0.000827233,0.001053201,,
0.001549648,0.002369563,,
0.000789898,0.000262485,,
0.000389397,0,,
0.001966985,0.001768199,,
0.00116256,0.000736567,,
0.00089595,0.000903739,,
0.001149579,0.00095212,,
0.000326603,0.000277799,,
0.000536593,0.000137774,,
0.000209246,1.67E-05,,
0.000354508,0.000159809,,
0.000907012,0,,
0.000760265,0.000209509,,
0.0003068,2.31E-05,,
0.002097694,0.003666711,,
0.000646592,0.000375063,,
0.001224269,0.000748253,,
0.000452495,0.000134378,,
0.001723269,0.000991662,,
0.000239305,5.37E-05,,
0.000788178,0.000118231,,
0.000289779,0.00028957,,
0.000187042,0.000130291,,
0.000206457,0.000797659,,
0.000524352,0,,
0.000275142,7.30E-05,,
0.00029228,0.000190999,,
0.02874129,0.016202684,,
0.000218545,0.000180787,,
0.000286899,3.58E-05,,
0.00027838,0.000350084,,
0.000456925,4.48E-05,,
0.000410639,8.37E-05,,
0.001159328,6.93E-05,,
0.000774327,0.000651169,,
0.000274354,6.03E-05,,
0.001111079,0.000604277,,
0.001440932,0.001822474,,
0.000749406,0.000319778,,
0.001073315,0.00035334,,
0.001834373,0.001140065,,
0.000326033,4.25E-06,,
0.000615038,0.00027775,,
0.000395301,0.000354206,,
0.000976683,0.000133188,,
0.002458942,0.000702485,,
0.001266641,0.000656737,,
0.000490495,0.000209693,,
0.000268163,5.29E-05,,
0.000487447,0.000346166,,
0.000319013,0.000148893,,
0.003572955,0.001477805,,
0.000348082,0.000272596,,
0.000510706,0.00027413,,
0.001005761,0,,
0.000807226,0.000845671,,
0.000223706,0.000125415,,
0.00030626,7.48E-05,,
0.000574168,0.000196553,,
0.000331854,0.000140396,,
0.000368609,0.000119333,,
0.000654032,5.75E-05,,
0.006502613,0.00278296,,
0.000532177,4.79E-05,,
0.00041419,0.000433928,,
0.000377944,0.000184953,,
0.000143428,0.000232445,,
0.00053461,0.000303729,,
0.000699193,0.000132675,,
0.000525485,0.000466492,,
0.000500707,4.71E-05,,
0.002436458,0.001149333,,
0.000502882,0.000485808,,
0.001003659,0.000839644,,
0.00028673,9.83E-06,,
0.000379569,0.000118571,,
0.07742262,0.077686131,,
0.00040788,6.63E-05,,
0.000317303,0.000278569,,
0.000335102,0,,
0.006561818,0.005629056,,
0.05678456,0.04061896,,
0.001673876,3.76E-05,,
0.001623413,0.000132637,,
0.000126638,0.000228504,,
0.00104494,0.000158965,,
0.000343279,0.000166164,,
0.000753326,0.000885282,,
0.000366599,4.19E-05,,
0.000358203,0.000303934,,
0.002116896,0.001216448,,
0.025886692,0.009025828,,
0.000450206,0.000863296,,
0.00074914,0.00054621,,
0.000334357,6.85E-05,,
0.000279825,0.000273033,,
0.000329541,0.00013018,,
0.000811792,0.000285802,,
0.001802173,0.002107713,,
0.000765778,0.001150759,,
0.000281153,0.000113396,,
0.000223821,1.81E-05,,
0.000518459,0.000232132,,
0.007200923,0.002276798,,
0.000536665,0.000445072,,
0.000620184,0.000181745,,
0.001126294,0.000409889,,
0.001112826,1.14E-05,,
0.000371806,4.02E-05,,
1.61E-05,2.86E-05,,
0.04263025,0.027076183,,
0.000366086,3.79E-05,,
0.000904823,0.000849686,,
0.003338629,0.000458324,,
0.000326069,8.18E-05,,
0.000263458,0.000149144,,
0.006921218,0.00376236,,
0.000527268,0.000204317,,
0.000155525,7.95E-05,,
0.000381024,0.000382857,,
0.000562764,0.000337676,,
0.000666383,2.79E-05,,
0.000902318,0.000466387,,
0.000303513,0.000424755,,
0.000390366,0.000147881,,
0.000538716,2.93E-05,,
0.0015576,0.002403576,,
0.002241739,0.000650421,,
0.001204089,0.001109127,,
0.000558549,0.000179055,,
0.000377002,0.000196796,,
0.00084526,0.000235116,,
0.000996442,0.001702299,,
0.001878902,0.001108207,,
0.020576216,0.010070249,,
0.000566022,0.000177779,,
0.000410296,8.66E-05,,
0.004782,0.000536064,,
0.000341815,0.000227795,,
0.000307477,0.000279141,,
0.000296956,0.000236745,,
0.004340355,0.001154697,,
0.000408932,0.00017546,,
0.009101909,0.003221108,,
0.000557761,7.10E-05,,
6.03E-06,8.17E-05,,
0.000121022,7.65E-05,,
0.023535423,0.005718831,,
0.000211227,0.000378592,,
0.000224195,2.25E-05,,
0.028419428,0.016298908,,
0.00537272,0.004645935,,
0.000301632,0,,
0.000817316,0.000143263,,
0.000132066,5.69E-05,,
0.000218619,5.55E-05,,
1.47E-05,0.000105232,,
0.002191822,0.000291285,,
-4.59E-05,0.000425852,,
0.000589624,0.00012706,,
0.000318188,0.000369861,,
0.001790307,0.001608875,,
0.000192462,0.000177938,,
0.000880514,0.000623336,,
0.000483526,0.000696333,,
0.001858962,0.000727057,,
0.000430961,0.000419972,,
-0.000701308,0.000294781,,
0.005569571,0.003106897,,
0.002099291,0.001247816,,
5.30E-05,0.000257218,,
0.001101762,0.000701341,,
0.001422625,0.015397867,,
0.000732765,0.000701412,,
0.000104,4.75E-05,,
0.000283247,0.000132914,,
0.000461762,0.000379893,,
0.000361925,0.000362591,,
0.000180557,0.000647131,,
0.005655272,0.003442256,,
0.000571924,0,,
0.000480646,0,,
0.000334466,0,,
0.000413235,5.63E-05,,
0.000643578,0.000156201,,
9.89E-05,3.09E-05,,
0.03867681,0.041159976,,
-0.000240549,0.000278308,,
0.000542632,0.00063429,,
8.22E-05,1.52E-05,,
0.000187618,2.26E-05,,
0.000395082,0.000285575,,
0.001005794,0.000180946,,
0.00311552,0.001759662,,
0.000134548,0.000123262,,
5.70E-05,5.15E-05,,
0.000658134,8.66E-05,,
0.000200704,0.000140483,,
9.58E-05,5.64E-05,,
0.000238719,0.000275154,,
0.000394427,0.000324487,,
0.000255711,0,,
0.001632466,0.000561648,,
0.003871972,0.002176328,,
0.000737956,5.47E-05,,
0.00493798,0.000891159,,
0.001041257,0.000435859,,
0.00019503,9.18E-05,,
0.000266609,0.000134246,,
2.91E-05,8.99E-05,,
0.000876195,0.000129795,,
-1.12E-05,0.000357536,,
0.001567347,0.000918033,,
0.001064279,0.000133494,,
0.002019767,0.000790315,,
0.000176944,1.32E-05,,
0.000372012,0.00010417,,
0.004237656,0.002713914,,
0.000254186,0.000143699,,
0.002752208,0.000367441,,
2.25E-05,6.53E-05,,
0.000767473,0,,
9.52E-05,1.76E-05,,
0.001236875,0.000332824,,
0.000670357,0.000426684,,
0.000432608,0.000595343,,
0.000443554,0.000264015,,
0.000851832,0.000343609,,
0.004220464,0.004895839,,
0.000356371,0.000520973,,
0.001282934,0.000889112,,
0.001420465,0.000201533,,
0.002177454,0.000334974,,
0.00047323,0.000632612,,
0.000259989,6.38E-05,,
0.000295346,0.000109694,,
0.028199887,0.007320805,,
0.000521697,0.000455428,,
0.00061265,0.000187879,,
0.000762192,0.000268722,,
0.005590456,0.008267302,,
0.00045074,0.000120876,,
9.76E-05,9.33E-05,,
0.00040332,0.00032302,,
0.001875168,0.002377143,,
0.000624132,0.000109481,,
8.35E-05,0.000223862,,
0.000212346,0.000130092,,
0.002098309,0.003148325,,
0.000170529,2.11E-05,,
0.000417952,0.000100378,,
-0.000154841,0.000188443,,
0.000328023,0.000783532,,
0.025563382,0.007416719,,
0.000450224,0.000288077,,
0.000158603,0.000105083,,
0.000136323,0.000111113,,
0.010548499,0.015198927,,
0.000124406,0.000168095,,
0.000398618,0.000210055,,
0.000179375,0.0001481,,
0.001671153,0.001695764,,
-0.000429301,0.000103148,,
0.010091321,0.002308339,,
0.000316535,4.03E-05,,
9.21E-05,8.42E-05,,
0.001491405,0.001191385,,
0.000246011,9.61E-05,,
0.004237548,0.002800743,,
-0.000398722,0.001071268,,
0.000176035,3.96E-05,,
0.000162402,6.96E-05,,
0.000435392,0.000419521,,
8.76E-05,9.06E-05,,
0.001016198,0.001208505,,
0.000158177,0.000743126,,
0.000616026,0.00100114,,
0.000328395,0.000133703,,
0.000576029,0.000198563,,
0.002021172,0.000912373,,
7.19E-05,0.000107453,,
0.000385755,0.000285671,,
0.000834495,0.000414307,,
0.000300114,0.000124001,,
0.000177062,0.000136785,,
7.51E-05,8.24E-05,,
0.003226717,0.001277914,,
0.000396208,6.91E-05,,
0.001020157,0.000570804,,
0.00013843,8.82E-05,,
0.000652769,0.000404281,,
0.070395894,0.144409134,,
0.000196772,5.42E-05,,
0.000889113,5.44E-05,,
0.000137107,0.00013519,,
0.006791538,0.002220011,,
0.00163376,0.000204876,,
0.000295205,2.07E-05,,
0.000171226,0,,
0.000294258,0.000173898,,
0.003477047,0.000523626,,
0.000169787,0.000171968,,
0.000446341,0.000747432,,
0.005798149,0.003572912,,
0.000326723,3.09E-05,,
0.000699026,0.000790347,,
0.000255986,0.000544533,,
0.000328655,0.000426275,,
0.073927335,0.045588565,,
0.000241603,2.06E-05,,
0.000167761,0.00012201,,
0.09582881,0.099348032,,
0.000431265,0.000168549,,
0.000293955,0.000244025,,
0.001725641,0.001423844,,
9.04E-05,0.000642433,,
0.00018493,0,,
0.002448021,0.005937136,,
0.000306392,0.000968676,,
0.000210281,6.08E-05,,
0.000270482,5.58E-05,,
0.000480097,0.000125038,,
0.000424826,6.77E-05,,
0.000168579,0.000214356,,
6.25E-05,1.27E-05,,
0.008901796,0.0208132,,
1.77E-05,1.50E-05,,
-0.000258822,0.000103372,,
0.002007776,0.000396127,,
0.000132065,0.000133838,,
0.001045828,0.00017848,,
0.000359898,0.000812168,,
0.000278254,0.000192707,,
0.000869501,9.28E-05,,
0.000682513,0.000302043,,
0.000767402,7.08E-05,,
0.000649745,3.96E-05,,
0.000261748,3.19E-05,,
0.0032289,0.009762451,,
0.000717533,0.001320935,,
0.00284517,0.000642521,,
0.000214621,0.00032531,,
0.000138258,0.000151321,,
0.000315351,9.70E-05,,
0.000177972,0.000113358,,
0.000130746,8.38E-05,,
0.000704384,0.000243524,,
0.003401757,0.002058906,,
0.001193877,0.000319257,,
0.000332772,0.00029465,,
8.15E-05,0.000111738,,
0.000435709,0,,
0.000690109,0.000868255,,
0.000254002,0.002087954,,
-0.000180706,0.000262044,,
0.000159747,0.000113721,,
0.000771865,0.000200133,,
0.0003284,0.000134998,,
4.55E-05,0.000151694,,
0.000432173,0.000989589,,
1.30E-05,0.000184727,,
0.000259751,0.000229686,,
0.000521056,3.97E-05,,
-5.47E-05,8.19E-05,,
0.004216531,0.001124308,,
0.000261885,7.14E-05,,
0.000558349,0.000313272,,
-5.83E-05,0.000276526,,
0.000578781,0.001109559,,
0.001084618,0.000588909,,
0.00101237,0.001392866,,
0.000112989,3.08E-05,,
-0.000142506,0.000149594,,
-8.04E-05,0.000207491,,
0.000272317,0.00012207,,
0.002936775,0.000987216,,
0.000256145,0.000168921,,
0.000537404,0.000112585,,
0.001083576,0.00047835,,
0.000913256,0.000481467,,
7.62E-05,2.12E-05,,
0.001102584,0.000249874,,
0.000211024,0.000469326,,
0.000160557,4.75E-05,,
0.000568878,0.000303541,,
0.002413898,0.003609582,,
0.001418833,0.000347625,,
0.000953718,5.91E-05,,
0.00031847,0.000144157,,
0.000232493,3.47E-05,,
0.000950085,4.70E-05,,
4.89E-05,4.35E-05,,
0.000902012,7.22E-05,,
0.003761832,0.000852675,,
0.001116308,4.47E-05,,
0.000274986,0.002869806,,
0.002803462,0.000577003,,
0.000255437,0.000130131,,
0.000412068,0.000526541,,
0.000162307,0.000115132,,
9.50E-05,5.38E-05,,
0.000167035,0.000875976,,
0.001158822,0.000839324,,
9.05E-05,9.77E-05,,
0.000254357,2.66E-05,,
0.00040736,0.001744961,,
0.000437018,0.000731541,,
0.000303575,0.000336731,,
0.00054457,0.000431935,,
0.001170213,0.000544255,,
0.000281527,0.000258859,,
0.001048159,0.000431063,,
0.000260122,0.001881174,,
0.000119561,5.19E-05,,
0.000901859,0.000300677,,
0.001121124,0.00063816,,
0.000456844,6.41E-05,,
0.000151317,0.000259366,,
0.000166371,0.000741845,,
0.001047226,0.001714277,,
0.004228056,0.00035734,,
0.000951849,0.001097704,,
0.000160657,6.17E-05,,
0.000351679,0.000323319,,
0.000131705,0.00014378,,
0.000157131,1.74E-05,,
0.000181783,8.26E-05,,
-0.000541628,0.000516241,,
0.000267628,6.68E-05,,
0.000135568,0.000188658,,
0.001664361,8.58E-05,,
0.000100359,0.000131164,,
0.000685932,0.000262227,,
0.010343678,0.003864522,,
0.000894619,0.001564908,,
0.000142125,0.000302622,,
0.000274589,2.29E-05,,
0.000283549,0,,
0.000670531,0.000788491,,
0.000220162,0,,
0.000346538,0.000456858,,
0.001810322,0.000175894,,
0.000720582,0.000159933,,
0.000629608,4.05E-06,,
-0.000763752,0.001350018,,
0.003552062,0.00172363,,
0.000505246,0.000442217,,
-0.000234282,0.000159356,,
0.000550751,6.28E-05,,
0.00128433,0.010736778,,
0.000311691,0.000304123,,
0.001000831,0.000552533,,
0.001185134,0.001180697,,
0.000568824,0.000284027,,
0.002058605,0.000507624,,
0.000808076,0.001583145,,
0.003026058,0.000370219,,
0.000230866,0.000162521,,
0.000585013,0.00070933,,
0.00042449,0.000181492,,
0.000522647,5.78E-05,,
0.000286115,0.000172407,,
0.000485887,6.40E-05,,
0.013557012,0.010462586,,
0.000246882,7.98E-05,,
0.000231324,0.000130114,,
0.006148322,0.002204979,,
0.001462847,0.000246794,,
5.52E-05,0.00016478,,
0.000172475,4.33E-05,,
0.005213984,0.042334003,,
0.002279175,0.002171227,,
0.000916217,0.000633751,,
0.000461552,0.000114966,,
0.00086892,0.00075732,,
0.000771975,0.000189055,,
0.005231753,0.002976882,,
0.000428329,9.27E-05,,
0.000229225,0.000609581,,
0.000441803,0.000297805,,
0.000565493,0.000148416,,
0.000341418,0.000482887,,
0.003071863,0.001450233,,
0.000535719,0.000493674,,
0.002189319,0.000811088,,
-5.23E-05,0.000142951,,
-0.000157777,0.000274316,,
0.000878537,0.001007215,,
0.000164358,0.000106895,,
0.019459125,0.0077438,,
0.000123344,0.000117262,,
0.000199598,0,,
0.000202139,2.97E-05,,
0.000719307,0.000504132,,
0.000226224,0.001717667,,
0.000547251,0.000327105,,
0.001722158,0.000154749,,
1.97E-05,0.000386591,,
0.00031434,0.000492263,,
0.0002398,5.67E-05,,
0.000150084,0.000686567,,
0.000303257,0,,
0.000332401,0.000278219,,
0.000567832,0.000373619,,
0.000861663,0.000503188,,
0.000406044,0.000307473,,
0.000237559,0.000108552,,
0.000795896,0.000995964,,
0.000346844,0.004117418,,
6.63E-05,3.20E-05,,
0.00051884,8.69E-05,,
0.000959803,0.000518307,,
0.000303628,9.70E-05,,
0.000429258,0.000203655,,
0.002741379,0.000486131,,
0.000615584,0.000221205,,
0.000627493,0.000856436,,
0.000125687,0.000284995,,
7.28E-05,0,,
0.000537512,0.000312381,,
0.00130238,0.000650668,,
0.001191574,0.000737886,,
0.000935057,0.000372724,,
0.000620081,0.000126519,,
0.000159048,6.83E-05,,
4.94E-06,0.000372424,,
0.014862665,0.00830944,,
-0.000247204,0.000301974,,
0.000627636,0.000708296,,
0.000156643,7.53E-05,,
0.000178426,0.000514722,,
0.00019505,6.88E-05,,
4.11E-05,0,,
0.000141573,0.000136132,,
0.003240333,0.003379471,,
2.50E-06,0,,
0.007226478,0.00653006,,
0.000386465,0.000308737,,
0.000301903,0.000586843,,
4.43E-05,3.34E-05,,
0.000327665,8.64E-05,,
0.004704814,0.003091219,,
0.000630639,0.00054242,,
0.001883176,0.000275343,,
-0.000192761,5.79E-05,,
-0.000213754,0.000263694,,
8.04E-05,4.24E-05,,
0.000734056,0.001232346,,
0.001362777,0.001106243,,
0.001393041,0.000548317,,
0.001161272,0.000167533,,
0.003403659,0.000403367,,
0.001407115,0.000474055,,
0.000541876,0.000259675,,
0.000548115,0,,
0.001616356,0.005371909,,
0.000267905,0.001600978,,
0.01825126,0.008490903,,
0.002855492,0.000723087,,
0.00135998,0.000268238,,
0.000176717,0.00012112,,
0.000575155,0,,
0.000255432,0.000395216,,
0.000566386,5.01E-05,,
0.066238545,0.053103216,,
0.000581186,0.000216051,,
0.000584632,0.000519693,,
0.001085345,0.004561121,,
5.16E-05,9.53E-05,,
0.001958665,0.001073648,,
0.000471197,0.000120233,,
0.000119801,0.000391778,,
0.000262514,0.000112485,,
0.001482352,0.000844122,,
0.000444817,0.000151436,,
0.000132805,2.46E-05,,
0.000189193,0.000160908,,
0.001083285,0.001513662,,
0.00051371,0.000139532,,
0.000387897,0.000276145,,
0.01053397,0.000884275,,
0.000523195,0.000192609,,
5.81E-05,1.27E-05,,
0.000763759,0.000400338,,
0.000369,0.000432156,,
0.000112396,6.59E-05,,
0.000317837,0.000170079,,
0.006424916,0.002173682,,
0.001417585,0.001847676,,
0.000238944,0.000551208,,
0.000850304,0,,
0.00045486,0.000786064,,
-5.63E-05,0.000168907,,
0.001214744,0.001589541,,
0.00019356,5.88E-05,,
0.000503292,0.000691091,,
0.020941138,0.075325376,,
0.000330529,0.000184126,,
0.00010734,3.43E-05,,
0.005149616,0.000500666,,
-0.00016621,0.001115974,,
0.000396199,0.000160165,,
0.001092283,0.000486618,,
-2.45E-05,0.002161677,,
5.23E-05,0,,
0.000349242,0.000292842,,
0.00034656,0.000420851,,
0.000439745,0.000526154,,
0.000829022,0.001875458,,
0.000146781,6.19E-05,,
0.001929173,0.000184466,,
0.000586945,0.000175736,,
0.001033158,9.14E-05,,
0.000182964,4.29E-05,,
0.001553967,0.000678877,,
6.03E-05,0.000348611,,
0.002801644,0.001099653,,
0.000757998,0.000469216,,
0.000295584,2.16E-05,,
0.002067442,0.003025055,,
0.000726216,0.003865909,,
0.00024236,0.000213632,,
0.000677822,0.000200451,,
0.001254474,0.00071309,,
0.002070285,0.001454014,,
0.001096928,0.011830057,,
0.000262637,0.00104829,,
0.000271851,9.17E-05,,
0.000261473,0.000156205,,
0.000536673,0.001667754,,
0.000154736,0.000578459,,
0.000340476,0.000544293,,
-0.000152815,0.000174603,,
0.006662583,0.002171976,,
0.001958016,0.000490735,,
0.000186171,3.32E-05,,
0.001462483,0.000817684,,
0.000842981,0.00049391,,
1.54E-05,0.000308753,,
0.044738818,0.01447559,,
0.000516721,0.000775721,,
0.000222847,0,,
0.000750466,1.09E-05,,
0.000234321,3.46E-05,,
0.00403434,0.00081012,,
0.000824458,5.00E-05,,
0.000507123,0.000369866,,
0.001969835,0.001388287,,
0.00163861,0.000356852,,
0.000548109,0.000152219,,
0.004145623,0.005191619,,
0.001627446,0.002383563,,
0.000654628,0.000269967,,
0.000217714,0.000117265,,
0.000218268,0.000520436,,
0.002794865,0.002981475,,
0.003582328,0.002392513,,
0.001302971,0.000410517,,
0.00016576,0.000194377,,
-2.25E-05,6.55E-05,,
0.001390317,0.00049121,,
0.00064302,3.94E-05,,
9.79E-05,3.43E-05,,
0.000999792,0.000746746,,
0.000510555,0.000649011,,
2.47E-05,0.000154481,,
0.003950038,0.0062812,,
0.007439956,0.000561689,,
0.002157036,0.00160639,,
0.000225881,0.000117235,,
0.06415621,0.037868967,,
0.000233243,0.000137228,,
0.000574265,0.000768366,,
-2.11E-05,0.000126689,,
0.001212271,0.00084118,,
0.00040635,0,,
0.000332364,0.003415335,,
0.000247428,2.51E-05,,
-0.000336551,0.000262894,,
0.001786614,0.001209172,,
0.000653821,0.000304605,,
0.000335425,0.000114842,,
0.00013919,0,,
0.000339519,0.000493702,,
0.000525242,0.000659993,,
0.000274608,8.45E-05,,
0.004155764,0.001456587,,
0.000411292,0.000512323,,
0.000218349,4.36E-05,,
0.00020694,0.000164254,,
0.000291313,0.000161547,,
0.000815793,0.000736578,,
0.000137248,0.000109181,,
0.000127533,0.000206788,,
0.001106219,6.64E-05,,
0.000266585,3.44E-05,,
0.000556118,0.000174557,,
0.009939563,0.009659302,,
0.000354297,0.000394209,,
0.017261494,0.003088455,,
0.001053446,0.000877911,,
0.01793475,0.001916593,,
0.000426061,0.000174646,,
0.000523149,0.000359308,,
0.001078116,0.000578977,,
0.000125573,0.000141748,,
-6.33E-05,0.00017715,,
0.012404594,0.001099368,,
0.005165009,0.001635644,,
1.36E-05,0.000234015,,
0.000247681,0.000181596,,
0.002992546,0.002268317,,
0.000440935,0.000122537,,
0.000105249,0.00015821,,
0.000109196,4.79E-05,,
0.002732599,0.000331417,,
0.000577082,0.000169275,,
0.000672977,0.00054078,,
-8.31E-06,0.000141732,,
0.051924884,0.048797731,,
-0.000202218,0.000246452,,
0.000320484,9.50E-05,,
0.000136265,0,,
-0.000761113,9.54E-05,,
0.001741075,0.000378005,,
0.001482707,0.002505337,,
0.000139779,7.28E-05,,
0.000411455,0.000386208,,
0.000176076,0.000512723,,
0.001206702,0.000388079,,
0.000250458,0.000159523,,
0.000274295,0,,
0.000427493,1.14E-05,,
0.000184585,0.000358016,,
0.000134172,6.38E-05,,
0.000275343,0.001094392,,
-0.000200983,0.000169821,,
0.003553305,0.003917522,,
0.000105882,9.95E-05,,
4.76E-05,0.00040814,,
0.00648418,0.010346082,,
0.000288746,0.000555156,,
0.000106348,5.61E-05,,
0.004123836,0.004814114,,
0.00461525,0.001119243,,
0.000580984,0.000284147,,
0.000297343,0.000366005,,
0.000301814,0.000148769,,
7.37E-05,0.000156866,,
0.068992026,0.077269459,,
0.005677251,0.004937864,,
0.000218437,0.000330066,,
0.000161201,1.56E-05,,
0.000184476,5.52E-05,,
0.000292384,9.53E-05,,
0.000674929,3.94E-05,,
0.000178573,3.51E-05,,
0.000985322,0.001328432,,
0.000107282,7.00E-05,,
-0.000551953,0.000178062,,
0.001069298,0.002187769,,
0.001961933,0.004291347,,
0.000390017,0.001032154,,
0.000191052,0.000174196,,
0.000396131,0.000144511,,
0.000233783,0.000116506,,
0.001627482,0.001418134,,
4.95E-05,0.000333174,,
0.001010368,0.000297626,,
0.000297196,0.000731975,,
0.001393453,0.001032721,,
0.000449007,0.000170589,,
0.005317271,0.001343785,,
0.000605466,0.000706738,,
0.000605926,0.00042607,,
0.000563821,0.001149996,,
0.005850494,0.000541433,,
0.002880878,0.000898047,,
0.000276953,3.59E-05,,
0.00095219,0.001041278,,
0.000621758,0.000573373,,
0.000381565,0.000363579,,
-4.72E-05,9.51E-05,,
-9.47E-05,0,,
0.000135026,5.84E-05,,
0.003756826,0.001843239,,
0.020735964,0.03023965,,
0.000799373,9.76E-05,,
0.000754645,0.000931586,,
0.001803017,0.001757758,,
0.000499899,8.91E-05,,
7.10E-05,4.22E-05,,
0.000153024,8.71E-05,,
3.17E-05,0.000718656,,
0.000121663,0.000297027,,
0.000251606,0.000145733,,
0.025591249,0.027359554,,
0.002324169,0.001779977,,
0.000991244,0.000415147,,
0.049654637,0.124975761,,
0.001139348,0.000750848,,
0.000444811,0.000434278,,
0.000131437,0.000169923,,
0.000130119,4.52E-05,,
7.73E-05,0.000312783,,
0.000941892,0.000833392,,
0.051669627,0.068912203,,
0.000266263,3.62E-05,,
-8.61E-05,9.29E-05,,
0.000236102,4.32E-05,,
0.000536936,0.000125593,,
0.000318487,0.000308439,,
-5.37E-05,0.000737046,,
0.000208404,0.000252312,,
0.007127804,0.003409767,,
0.000301999,0.000844838,,
0.000139506,5.36E-05,,
0.006124666,0.017566408,,
0.000247501,0.000363358,,
0.000121346,0.00019732,,
0.000139025,2.88E-05,,
0.000216497,6.50E-05,,
-0.000289574,3.32E-05,,
0.000357061,7.76E-05,,
0.002342615,0.001700154,,
0.000543633,0.000419322,,
0.000624825,0.000571331,,
0.001006043,0.001257973,,
0.000212212,0.000129746,,
0.000467127,0.00026414,,
0.001032431,0.002240549,,
0.001002277,0.00240728,,
2.95E-05,0.000182824,,
0.000427454,0.000620518,,
0.001893445,0.000673953,,
0.000256025,0.000244288,,
0.00026202,5.65E-05,,
-0.000323917,0.000427676,,
0.000909769,0.000246302,,
0.000131533,4.90E-05,,
0.000157839,5.57E-05,,
0.008489385,0.028652002,,
0.015032977,0.008633965,,
0.001543924,0.000186831,,
0.000374581,0.000256134,,
0.000226619,8.86E-05,,
0.000123639,0.000221968,,
0.017326282,0.004411527,,
0.08121801,0.040412986,,
0.000955448,0.001170482,,
0.000826027,0.000953434,,
0.004680473,0.000724063,,
0.000127957,0.000460034,,
-0.000301976,0.000131829,,
0.000538754,0.002996617,,
0.000322154,0.000461484,,
0.000275616,0,,
0.000118564,0.000226852,,
0.07597415,0.174852015,,
-0.00015227,0.000168942,,
0.000102775,0.000359439,,
0.001746596,0.001067526,,
0.000455789,0.001750417,,
0.000297411,3.80E-05,,
0.000170509,0.000329813,,
0.001858881,0.003724245,,
0.000368077,1.59E-05,,
0.000155016,0.002426434,,
0.000108981,9.76E-06,,
0.00033119,0.000872959,,
0.002457967,0.001144783,,
0.00118395,0.000700912,,
0.000106423,5.19E-05,,
0.000159628,0,,
0.002528931,0.000821701,,
-4.62E-05,5.28E-05,,
0.000311956,0.002442455,,
0.000311121,7.99E-05,,
0.00172357,0.001869103,,
0.000517374,0.001343119,,
0.000253883,7.04E-05,,
0.000912212,0.000302389,,
0.00083262,0.001634392,,
0.000520634,0.002045668,,
0.000782838,0.000902143,,
0.002270519,0.000104184,,
0.07796698,0.063577608,,
0.006190739,0.004387448,,
0.000364997,0.000175954,,
-8.84E-05,0.000328777,,
0.000152085,2.14E-05,,
0.000559139,0.000107885,,
0.002011401,0.000102779,,
0.000558505,0.000132022,,
0.001346911,0.000554073,,
0.001858976,0.000679056,,
0.000904685,0.000248661,,
0.000628666,0.001507338,,
0.004068082,0.000970062,,
-0.000151407,2.78E-05,,
0.000722159,0.000256401,,
0.002648566,0.000816893,,
4.05E-05,5.02E-05,,
0.002387417,9.74E-05,,
0.000113884,2.91E-05,,
0.000149432,0.000124126,,
9.63E-05,0.000120068,,
0.003027231,0.003760661,,
0.003928807,0.004187181,,
0.000480297,0.000236113,,
0.000153616,0.000124417,,
0.005115289,0.002224108,,
0.000144846,5.89E-05,,
0.000175611,6.81E-06,,
0.00078526,0.00034245,,
0.001016446,5.76E-05,,
0.00024571,0.001085322,,
0.001083151,0.00028104,,
0.000329887,9.15E-05,,
0.000320199,0.000910888,,
0.000344129,0.000178692,,
0.000101547,0.000622429,,
0.000241623,0.000109303,,
0.000285112,0.000433141,,
0.000434169,0.000483307,,
0.000489104,0.000347908,,
0.004311651,0.001139199,,
5.92E-05,0.000225219,,
0.000145764,0.000212715,,
0.00164804,0.000656556,,
0.001125267,0.000460836,,
0.000115489,0.000164192,,
0.001699334,0.003210045,,
0.000267777,0.000121387,,
0.001106055,0.006265544,,
-5.43E-05,0.000227641,,
0.000436757,0.000223514,,
0.000215245,6.70E-05,,
0.000225963,0.000156998,,
0.00431134,0.003979272,,
0.000380399,0.000198838,,
0.000144039,0.000189161,,
0.000139574,0,,
0.000454463,0.000697373,,
0.000106634,1.82E-06,,
0.000179527,9.66E-06,,
0.002758275,0.001586118,,
0.000698698,0.000233439,,
0.001704433,0.000472687,,
5.47E-05,1.95E-05,,
0.000374611,0.000211531,,
4.17E-05,0.000103025,,
7.95E-05,0.000526939,,
0.001196083,0.001480591,,
0.000243171,0.000515869,,
0.001811375,0.001965749,,
0.000431646,0.000219909,,
1.37E-06,0.000245613,,
0.000771008,0.00073686,,
0.002092456,0.00081131,,
0.000234034,0.000127207,,
0.000341673,0.000169923,,
0.000124871,7.06E-05,,
0.001841156,0.008064983,,
0.000142557,3.11E-05,,
0.000709094,0.001453634,,
0.000960048,0.000656293,,
0.000114991,0.000739448,,
-9.20E-05,0.000446168,,
-0.00010036,0.000160107,,
0.000136369,0,,
0.000272074,0.000135837,,
0.000832328,0.000283995,,
0.000486478,0,,
0.00101648,0.000448523,,
0.005039759,0.004488363,,
0.000169689,2.36E-05,,
0.005144669,0.000742965,,
-0.000139354,5.83E-05,,
7.36E-05,0.000148204,,
0.00270793,0.0044301,,
0.000301511,1.90E-05,,
0.000540772,0.001266565,,
0.000185236,6.91E-05,,
0.000102133,4.26E-05,,
0.000247853,7.18E-05,,
0.001074447,0.006947276,,
0.00017265,0.00011758,,
0.000943021,0.002158768,,
0.00467575,0.003258532,,
0.000648748,3.83E-05,,
-6.28E-05,0.000386141,,
0.000212584,6.72E-05,,
0.000183003,0,,
0.002195828,0.006403579,,
-2.89E-05,5.63E-05,,
0.000661633,0.000685577,,
0.000348319,3.23E-05,,
0.000331912,0.000297147,,
0.000196407,0.000102325,,
0.000248241,0.000188762,,
0.000341294,0.000205795,,
0.009342807,0.000148883,,
0.000283811,0.000202379,,
0.000598378,0.017881149,,
0.000202547,0.000486613,,
0.002899156,0.000460004,,
0.002138957,0.000187709,,
0.000974843,0.000993477,,
0.000853307,0.000149434,,
0.000465537,0.002904008,,
0.000383226,0.000214934,,
-6.05E-05,6.15E-05,,
0.000340965,0.000195313,,
0.000758132,0.002025081,,
0.000213023,4.56E-05,,
0.000552851,0.001267936,,
0.000128513,1.79E-05,,
0.000320339,5.08E-05,,
0.00017324,2.56E-05,,
4.88E-05,0.003332189,,
0.012286011,0.015132424,,
0.000325918,0.000298549,,
0.001221339,0.001313205,,
0.004699432,0.005518572,,
0.000654721,0.000115071,,
0.00227081,0.003830739,,
0.00046331,0.000333634,,
0.000432189,0.000130776,,
3.58E-05,0.000118081,,
0.000271666,6.67E-05,,
6.29E-05,0.000313218,,
0.001344226,0.002094444,,
0.000294874,8.78E-05,,
0.000282498,0.002940828,,
0.010930669,0.013507504,,
0.001560272,0.000213526,,
0.000351788,0.000231086,,
0.000262442,0.000760646,,
0.002186471,0.000862633,,
0.000809117,0.00017519,,
0.000414056,0.000531526,,
0.000705261,0.001449244,,
0.000188936,0,,
0.000744274,0.000231794,,
-9.34E-05,0.000121475,,
0.000460463,0.000613229,,
0.000193853,0.00015039,,
0.000224687,0.000181436,,
0.000425746,0.000310605,,
0.000104499,0.00025059,,
0.000713646,0.000418585,,
0.000782169,0.000541338,,
0.00268069,0.004013238,,
0.000110704,0.000179137,,
0.001016681,0.00112467,,
0.000142832,4.85E-05,,
0.000549059,0.000230146,,
0.011744243,0.002285045,,
0.000193282,0.000104086,,
0.000328529,0.001645226,,
0.000808226,0.000163062,,
0.000539303,0.000101187,,
0.003027382,0.000239263,,
0.000247963,1.51E-05,,
4.94E-05,8.48E-05,,
0.000144509,0.000358245,,
0.001302422,0.00059575,,
0.001022499,0.000364741,,
0.000463782,0.000333243,,
0.002300287,0.000855514,,
0.000186833,9.43E-05,,
8.35E-05,3.52E-05,,
0.000173366,0.000139299,,
0.000135358,0.000342413,,
0.000244054,0.000207799,,
6.20E-05,6.52E-05,,
0.000678254,5.54E-05,,
0.000663787,0.000884817,,
0.000240218,0.00020032,,
0.004059491,0.000990664,,
0.001402274,0.000576808,,
0.000320239,0.000264231,,
0.003066801,0.000203001,,
0.000611261,0.000217055,,
0.000873231,0.001929487,,
0.000384265,0.001248724,,
0.001916565,0.003690518,,
0.003916522,0.000587552,,
0.002083536,0.001517396,,
0.000383731,0.000138189,,
0.000739546,0.000121232,,
0.0004956,0.000278751,,
0.000115717,8.08E-05,,
0.100395225,0.172949274,,
0.002114296,0.001963431,,
-0.000250041,0.000160465,,
0.001089274,0.00031947,,
-3.39E-07,0.000355154,,
0.00023909,0.000231639,,
0.005161762,0.006000518,,
0.000128891,7.45E-05,,
0.000460016,0.000521385,,
0.002462736,0.005444106,,
0.00150471,0.002757832,,
0.000306962,0.000445924,,
0.000323281,3.48E-05,,
0.007899326,4.34E-05,,
0.000206663,0,,
0.000305473,8.90E-05,,
0.000568317,0.001952602,,
0.000668245,9.64E-05,,
0.000721336,0.000962658,,
0.000580955,0.000262292,,
0.000565953,0,,
0.000559884,0.000113825,,
0.002174777,0.000945447,,
0.000969675,0.000351942,,
0.000662246,5.35E-05,,
0.000626602,0.000142329,,
0.000581296,0.000187958,,
0.002359618,7.24E-05,,
0.001858469,0.002805813,,
0.001319979,0.000290771,,
0.002210838,0.003538336,,
0.001298157,0.001780083,,
0.001887202,0.001451614,,
0.000552999,5.90E-05,,
0.00257034,0.000998206,,
0.000864416,0.000232226,,
0.001313229,0.000396645,,
0.000576312,0,,
0.000625355,0.000135615,,
0.000783029,0,,
0.000555472,0.000100805,,
0.000614416,0.000148337,,
0.000953597,0.000542578,,
0.000830526,0.000256163,,
0.000580136,4.49E-05,,
0.000578748,0.001795201,,
0.000565623,9.95E-05,,
0.000637858,0.000148423,,
0.000800226,0.000493069,,
0.00056864,0,,
0.000640884,0.000444496,,
0.028061429,0.038136776,,
0.00056212,2.24E-05,,
0.000693945,0.000548179,,
0.003087864,0.001371093,,
0.0008481,0.001067309,,
0.000587328,0.000288853,,
0.000550453,6.53E-05,,
0.000729752,0.00019921,,
0.00186096,0.000844187,,
0.001029855,0.000278955,,
0.000796355,0.003582723,,
0.000579124,4.81E-05,,
0.000856615,0.000232958,,
0.001875865,0.003129352,,
0.000709383,0.000409004,,
0.000610961,0.000475598,,
0.000574088,0.000160674,,
0.001092422,5.22E-05,,
0.002741195,0.001006747,,
0.000559161,0.00021725,,
0.001857524,0.001298843,,
0.001761951,0.000657586,,
0.000596609,0.000130995,,
0.000545144,0.000139348,,
0.000537316,8.59E-05,,
0.000679356,0.000435052,,
0.002973888,0.001941606,,
0.001890648,0.000421387,,
0.001210797,0.000164475,,
0.000565773,5.63E-05,,
0.000591542,0.000246236,,
0.0005587,0.000110501,,
0.001626748,0.000267898,,
0.000656266,0.000160845,,
0.001382391,0.000970186,,
0.0005587,3.83E-05,,
0.00057636,0.000267158,,
0.03624384,0.06404721,,
0.00242579,0.000676968,,
0.001248957,0.001242778,,
0.001514313,0.00062718,,
0.000656717,0.000109486,,
0.000790184,6.51E-05,,
0.009511981,0.005683176,,
0.001232616,0.001124712,,
0.001025243,0.00050613,,
0.000995784,0.001113214,,
0.000563158,0.000103124,,
0.000864841,0.000712014,,
0.000572686,7.22E-06,,
0.000497022,0.000509815,,
0.004282821,0.006484189,,
0.002441926,0.001068628,,
0.000881391,0.001661953,,
0.001098861,0.001024881,,
0.00068733,0.000170618,,
0.000629542,0.000215117,,
0.000920361,0.000186868,,
0.000621291,0.000216018,,
0.000960455,0.000177797,,
0.000549622,0,,
0.000901741,0.000251238,,
0.000822596,0.000319884,,
0.000612572,7.59E-05,,
0.000797877,5.14E-05,,
0.000563368,0.000101501,,
0.000573393,3.61E-05,,
0.0005587,3.38E-05,,
0.001625884,0.000295786,,
0.006709701,0.004988206,,
0.001306134,0.01791413,,
0.000990967,0.00047892,,
0.000581093,1.90E-05,,
0.001445434,0.000738983,,
0.000633984,1.60E-05,,
0.001234208,0.001038102,,
0.000475898,0.000212221,,
0.075300224,0.081017821,,
0.000556758,4.07E-05,,
0.00427067,0.001802558,,
0.000585031,8.50E-05,,
0.000839823,0.000445302,,
0.00059384,7.48E-05,,
0.000537053,4.77E-05,,
0.001910076,0.000566082,,
0.00059023,4.35E-05,,
0.002458576,0.005708915,,
0.000998812,0.002342969,,
0.000568088,0,,
0.001071147,0.000488069,,
0.000968017,0.000384624,,
0.0005587,8.43E-05,,
0.000840424,0.002404869,,
0.004277126,0.008501274,,
0.001222796,0.000333565,,
0.000575483,0.000170382,,
0.000566367,0.000740579,,
0.000710172,0.000209218,,
0.00078856,0.000387547,,
0.007217681,0.011908113,,
0.0005587,0.000116994,,
0.0005587,2.42E-05,,
0.001313632,0.000914003,,
0.000735541,0.000271584,,
0.000934529,0.000396729,,
0.001166194,0.000352568,,
0.000634375,0.000207684,,
0.000575434,0.000721812,,
0.000654145,9.23E-05,,
0.000711471,8.02E-05,,
0.0005587,0.00017139,,
0.000602003,0.000120182,,
0.000779842,0.002264789,,
0.000637614,0.000156027,,
0.000820522,0.000468859,,
0.00162341,0.000456049,,
0.000612693,0.000226357,,
0.00054979,0.0001389,,
0.001008045,0.000420241,,
0.000681719,0.000151215,,
0.001106368,0.000644373,,
0.001983594,0.001309702,,
0.000572493,5.87E-05,,
0.000577543,3.83E-05,,
0.000446804,7.95E-05,,
0.000697254,9.29E-05,,
0.060367018,0.058198461,,
0.000567323,2.05E-05,,
0.000573716,0.000147779,,
0.0021252,0.004561351,,
0.000430153,0.000167409,,
0.000811678,0.000181971,,
0.000564973,6.49E-05,,
0.000623783,0.000312843,,
0.000492855,8.71E-05,,
0.000561504,4.97E-06,,
0.000728207,0.000195176,,
0.002271575,0.001298883,,
0.000691314,0.00021804,,
0.001663235,0.000174564,,
0.000582269,0.000179171,,
0.00110751,0.000786333,,
0.000549417,1.83E-05,,
0.000543915,2.63E-05,,
0.000554833,6.43E-06,,
0.0005587,0.000146046,,
0.0005587,0.000120911,,
0.00074401,0.000373709,,
0.000555472,0,,
0.000599292,1.91E-05,,
0.000603534,8.75E-05,,
0.004549893,0.005962476,,
0.000958413,0.000303969,,
0.000556801,0.000195723,,
0.001166096,0.000554336,,
0.001260128,0.004767713,,
0.001907872,0.001381364,,
0.00089321,0.000336815,,
0.000615847,0,,
0.000559905,0.000190405,,
0.000575483,0.000245544,,
0.0005587,7.49E-05,,
0.000750162,0.0001295,,
0.000613428,0.000148743,,
0.000836814,0.000547864,,
0.00057863,9.82E-05,,
0.000983908,0.000241597,,
0.001612227,0.000772211,,
0.001738292,0.002068951,,
0.000551606,0.000159788,,
0.001590495,0.002237876,,
0.000513177,2.19E-05,,
0.005898081,0.004908797,,
0.000570014,0.000189009,,
0.000956369,0.001226737,,
0.005483659,0.005252259,,
0.001618669,0.002073962,,
0.000925175,0.00020022,,
0.000571243,0.000412214,,
0.002814128,0.003202281,,
0.002872262,0.003689435,,
0.000925508,0.000910685,,
0.00125237,0.000933473,,
0.000941786,1.81E-05,,
0.000597899,0.000484631,,
0.000996673,0.0003294,,
0.000556064,0.000100624,,
0.000557305,3.75E-05,,
0.011737335,0.003728735,,
0.014095088,0.010474134,,
0.001043215,0.000387194,,
0.000756745,0.000237687,,
0.001502553,0.000607998,,
0.001051191,0.000477484,,
0.000648184,0.000257694,,
0.000616204,0.001456615,,
0.002963896,0.002983646,,
0.000784856,0.00069719,,
0.000532001,0.000138164,,
0.00069109,0.000214999,,
0.00071172,0.000185709,,
0.001135022,0.001112212,,
0.000926878,0.000553779,,
0.000568677,0.000103828,,
0.001744329,0.000939497,,
0.00055921,0.000452092,,
0.002622126,0.00192948,,
0.000534321,3.37E-05,,
0.000657915,0.000521117,,
0.000568651,0.00033607,,
0.00101997,0.00044876,,
0.000688334,6.00E-05,,
0.0005587,9.70E-05,,
0.000591882,0.000367906,,
0.044964593,0.00183075,,
0.001277735,0.000466658,,
0.000655055,0.000206417,,
0.000561847,5.49E-05,,
0.000557386,0.000128058,,
0.000645421,0.000224612,,
0.000645732,1.77E-05,,
0.001473652,0.001344289,,
0.0005587,0.000169028,,
0.000571157,0.000187039,,
0.00056956,0.000129234,,
0.000485744,8.74E-05,,
0.00139485,0.000492185,,
0.000641833,8.52E-05,,
0.000704926,6.25E-05,,
0.000563666,0.00012526,,
0.0005587,7.46E-05,,
0.000775983,1.13E-05,,
0.000954753,0.000129533,,
0.000560178,9.95E-05,,
0.013941492,0.037023623,,
0.000899404,0.000779109,,
0.000622288,5.22E-05,,
0.000709334,0.000686214,,
0.000565962,0,,
0.000555472,0.000181533,,
0.000569172,9.70E-05,,
0.028894363,0.017358685,,
0.003042995,0.005339481,,
0.001238859,0.000109806,,
0.000843627,0.000172524,,
0.000683764,0.000186983,,
0.000588281,0.000831202,,
0.001078021,0.001194241,,
0.000619379,5.05E-05,,
0.005937837,0.001339366,,
0.000691918,0.000138161,,
0.000800199,0.000414438,,
0.000594708,0.000158219,,
0.000590481,0.000103367,,
0.000577477,0.000141613,,
0.000566367,2.55E-05,,
0.000614539,0.000124768,,
0.001091681,0.00101459,,
9.30E-05,6.69E-05,,
0.000800598,0.000167418,,
0.002227571,0.000926437,,
0.001337541,0.000509742,,
0.004386228,0.006463165,,
0.000609007,0.000191735,,
0.001804513,0.000715914,,
0.000569109,6.80E-05,,
0.000679007,0.000474925,,
0.00070113,3.55E-05,,
0.001270259,0.000636524,,
0.000687768,0.000252603,,
0.000614855,0.000132229,,
0.000656682,0.000424058,,
0.000627353,0.000184685,,
0.000817027,0.000195223,,
0.000966705,7.88E-05,,
0.000631432,0.000289602,,
0.001507849,0.000812242,,
0.000878081,0.000415085,,
0.000583078,0.000121826,,
0.000568176,0.00015357,,
0.000854673,0.000137713,,
0.000876635,0.000224477,,
0.000563666,0.000147808,,
0.00069166,0.000769423,,
0.000565953,0,,
0.000582702,4.91E-05,,
0.001109106,0.003907506,,
0.001151244,0.000605446,,
0.000578978,0.000225308,,
0.000559562,0.000648341,,
0.03281081,0.003749825,,
0.00055993,2.39E-05,,
0.000668819,0.000608143,,
0.000655775,7.63E-05,,
0.001346871,0.000537103,,
0.000538838,0.00013863,,
0.000562762,0.000301732,,
0.000589577,0.000264416,,
0.000579035,3.07E-05,,
0.001287211,0.001490237,,
0.002177769,0.001282337,,
0.000808528,0.000278364,,
0.00192858,0.005067077,,
0.00060388,6.49E-05,,
0.015565484,0.008906772,,
0.000552999,0.000109174,,
0.001164708,0.005417247,,
0.000448035,0.000201576,,
0.000561847,3.75E-05,,
0.000543198,0.000136882,,
0.000555472,0.00013474,,
0.001731084,0.017200362,,
0.000563666,0.00015498,,
0.004148177,0.004133334,,
0.000615628,0.000194878,,
0.000654033,0.00013143,,
0.000568636,1.48E-05,,
0.000627414,0,,
0.000558682,0,,
0.000653751,8.62E-05,,
0.000620621,0.000782799,,
0.000544823,0.000206127,,
0.000722918,8.48E-06,,
0.000576588,3.77E-05,,
0.000563269,7.48E-05,,
0.000913878,0.000727306,,
0.000849537,0.000351134,,
0.000555472,5.82E-05,,
0.000560564,0.000125936,,
0.000555472,0.000368956,,
0.001722382,0.000665282,,
0.00087556,0.006008079,,
0.000715566,0.001709657,,
0.000572231,3.77E-05,,
0.000944353,0.000191991,,
0.000764279,0.000346226,,
0.000588178,0.000148866,,
0.002363611,0.004435978,,
0.000591011,0,,
0.000458538,0.000154537,,
0.000866569,0.000608192,,
0.000868399,0.000211303,,
0.001071929,0.000364953,,
0.000558619,3.36E-05,,
0.000580093,0.000341549,,
0.001698744,0.001404224,,
0.003633038,0.016134761,,
0.001923027,0.000515503,,
0.000615126,0.000254373,,
0.0022976,0.001245484,,
0.018802512,0.058967947,,
0.00056485,0.000304941,,
0.000680824,6.36E-05,,
0.000752064,0.000142719,,
0.001301664,0.00069184,,
0.001095251,0.000316511,,
0.000986545,0.000978147,,
0.000581569,0.000128945,,
0.016355831,0.003265127,,
0.002405306,0.000575046,,
0.001183402,0.000571038,,
0.000616984,0.000129907,,
0.001201693,0.002952359,,
0.000552313,0.000136476,,
0.001456928,0.002098567,,
0.002774678,0.000480072,,
0.000941601,0.000232419,,
0.000784514,0.00018602,,
0.000565609,0.000142072,,
0.000816934,0.001055697,,
0.000655749,0.000316955,,
0.001173124,0.000771969,,
0.012118901,0.03613963,,
0.000629205,0.000128766,,
0.000854362,0.000795749,,
0.000897256,0,,
0.000980713,0.000748016,,
0.0005587,4.63E-05,,
0.000638998,0.000102419,,
0.001344478,6.87E-05,,
0.000675385,5.16E-05,,
0.000612789,1.91E-05,,
0.000954638,9.77E-05,,
0.00064691,5.45E-05,,
0.000555472,0.000195269,,
0.001185226,0.000339778,,
0.004877286,0.001723628,,
0.000592119,0.000101225,,
0.000534177,7.69E-05,,
0.000626366,4.79E-05,,
0.000525723,0.000383089,,
0.000730149,0.000388942,,
0.001293833,0.00090784,,
0.001147758,0.003272418,,
0.001065479,0.000308894,,
0.000922208,0.00096712,,
0.001123266,0.000652022,,
0.000993895,0.000792142,,
0.000805197,0.000451934,,
0.00134097,0.000423098,,
0.000578495,7.65E-05,,
0.000579115,0.000367777,,
0.000977338,0.000542941,,
0.00055353,6.26E-05,,
0.0005587,0.000361451,,
0.003168875,0.005442531,,
0.000716539,0.000135212,,
0.000565787,0.000195939,,
0.001156155,0.000612314,,
0.001299216,0.001435419,,
0.001035658,0.000567141,,
0.000625105,0.000160666,,
0.002620767,0.003876456,,
0.0005587,6.29E-05,,
0.000787852,0.00048829,,
0.002073135,0.001205525,,
0.000555472,3.93E-05,,
0.002080472,0.002959013,,
0.000538494,8.71E-05,,
0.000557331,0.00088328,,
0.000777518,0.000347356,,
0.002601893,0.001705337,,
0.001358455,0.000298823,,
0.000928325,0.000331181,,
0.000641694,0.000104558,,
0.000637042,0.004744304,,
0.000622952,0.000549275,,
0.017417625,0.008767875,,
0.003105924,0.00139084,,
0.005871948,0.001786999,,
0.000641827,0.001219678,,
0.000829524,0.001337903,,
0.000786297,5.45E-05,,
0.000624643,0.000228063,,
0.003881138,0.005471988,,
0.002641592,0.001610386,,
0.000980052,0.000305204,,
0.000687726,0.000266459,,
0.000650154,2.55E-05,,
0.001740322,0.00077659,,
0.000670455,0.000407893,,
0.000641457,0.000154846,,
0.000560564,6.56E-05,,
0.000558249,8.88E-05,,
0.000824335,0.000277623,,
0.0031586,5.82E-05,,
0.001582003,0.001859013,,
0.000621872,0.000472441,,
0.001152515,0.00038458,,
0.001380148,0.000576639,,
0.003622043,0.013640765,,
0.000810067,4.37E-05,,
0.001498411,0.000324468,,
0.00985878,0.003586716,,
0.000964096,0.000492925,,
0.001889006,0.007613498,,
0.000591018,0.000251817,,
0.001211686,0.003045498,,
0.000671877,0.000197865,,
0.003891003,0.003373604,,
0.001592357,0.000729994,,
0.0005587,3.14E-05,,
0.0007693,9.74E-05,,
0.000570854,2.30E-05,,
0.000871068,0.003741468,,
0.000580044,0.000230133,,
0.000591946,0.000149142,,
0.001115362,0.00031509,,
0.000947434,0.000390089,,
0.000547488,0.000210408,,
0.000773229,0.000195403,,
0.000555472,4.65E-05,,
0.006595688,0.014078912,,
0.000557501,0.000151018,,
0.004432573,0.002886995,,
0.000487321,4.33E-05,,
0.000530888,0.000100437,,
0.000986345,0.000642591,,
0.005215885,0.007136092,,
0.000571859,9.89E-05,,
0.0005587,3.15E-05,,
0.000655863,0.000220887,,
0.001019849,0.001882311,,
0.00064832,0.000259762,,
0.00096988,0.000162059,,
0.001160857,0.000157633,,
0.000692781,7.22E-05,,
0.000552007,0.000312797,,
0.0005783,0.000121163,,
0.000753658,2.81E-05,,
0.000541416,7.44E-05,,
0.001539638,0.000802196,,
0.000657107,0.000270596,,
0.000555733,0.000161788,,
0.001544536,0.004107059,,
0.000552313,0,,
0.001870067,0.000218833,,
0.00177682,0.001205359,,
0.001711133,6.67E-05,,
0.000589637,8.18E-05,,
0.000554833,3.07E-05,,
0.000804066,0.00067215,,
0.00057291,1.40E-05,,
0.001487426,0.002116876,,
0.003007872,0.002788753,,
0.000986967,0.00090634,,
0.000954674,0.000316225,,
0.00062894,0.000449898,,
0.00124518,0.000456577,,
0.000550443,0.000103092,,
0.00194912,0.000481687,,
0.000596838,4.27E-05,,
0.000776302,0.000293963,,
0.000783594,0.000164288,,
0.000853899,0.000214745,,
0.001300843,0.000290055,,
0.012051175,0.011753384,,
0.000931809,0.00030027,,
0.00060894,0.000248404,,
0.000901955,0.000502937,,
0.000556758,0.000102348,,
0.000571256,2.95E-05,,
0.0005587,0,,
0.000562085,0,,
0.000558893,5.95E-05,,
0.000727535,0.000227759,,
0.000785617,0.000468659,,
0.000990336,0.000503279,,
0.000770805,0.00029429,,
0.000653037,0.000418596,,
0.000555588,0.000368821,,
0.000671144,0.000697025,,
0.000600381,0.000156869,,
0.000730505,5.60E-05,,
0.000641769,7.61E-05,,
0.000839398,0,,
0.001151378,0.00016819,,
0.001301525,0.000487977,,
0.000555026,0,,
0.000635454,8.92E-05,,
0.000993828,0.000500611,,
0.000604703,0.000170022,,
0.00057778,0.000550393,,
0.000627743,6.74E-05,,
0.000571173,0.00010906,,
0.013171864,0.007477006,,
0.000543249,8.31E-05,,
0.07766463,0.072468037,,
0.005425594,0.006039749,,
0.00060355,2.49E-05,,
0.000547954,0.00106936,,
0.000549782,0.000240164,,
0.000897093,0.000224422,,
0.002122961,0.021703015,,
0.003609019,0.0081242,,
0.02667175,0.014977078,,
0.000603773,0,,
0.000891043,0.000339583,,
0.001670914,0.000850551,,
0.000858601,0.000178271,,
0.00059101,5.49E-05,,
0.000537053,0.000140853,,
0.000891979,5.03E-05,,
0.000771129,0.00113751,,
0.000937312,0.000662901,,
0.000688762,0.001801602,,
0.0005587,0.000271001,,
0.000584842,0.00013061,,
0.000551731,0.000488339,,
0.001692506,0.000732289,,
0.00111699,0.000369466,,
0.001415971,0.001080749,,
0.000839711,0.00016243,,
0.000852867,7.27E-05,,
0.008963157,0.004769202,,
0.00106794,0.000593535,,
0.000614971,0.000347754,,
0.001170731,0.000154306,,
0.000555472,5.22E-05,,
0.000575272,7.32E-05,,
0.000616666,0,,
0.001543454,0.001439088,,
0.000711184,0,,
0.001010639,0.000253523,,
0.000673398,0.000191388,,
0.000888922,0.001536723,,
0.001464437,0.000491361,,
0.000724535,0.00039027,,
0.00066356,0.000138039,,
0.000865931,0.000361445,,
0.00105256,0.001630549,,
0.000538838,0.000135137,,
0.017184354,0.004786182,,
0.000572737,0.000111489,,
0.000666317,0.000220637,,
0.006734219,6.80E-05,,
0.000680058,0.000212604,,
0.0005587,9.17E-05,,
0.000563158,6.72E-05,,
0.001168449,0.000603942,,
0.000561349,7.88E-05,,
0.000548507,3.99E-06,,
0.051398356,0.033975979,,
0.000579427,0.000106259,,
0.000888575,0.000205051,,
0.000827885,0.00015634,,
0.000748203,0.000290742,,
0.000696048,6.93E-05,,
0.00058201,7.57E-05,,
0.000633433,0.000428905,,
0.000631776,0.000283772,,
0.000925209,0.000527849,,
0.000818613,0.00080049,,
0.00058533,1.90E-05,,
0.000660648,9.88E-05,,
0.001344608,5.39E-05,,
0.000566578,2.10E-05,,
0.000571451,0.000204245,,
0.000627729,0.000433824,,
0.002454446,0.005833264,,
0.001123761,0.000740769,,
0.000554077,0.000109464,,
0.002551975,0.000528887,,
0.04959474,0.118297582,,
0.001314541,0.000789596,,
0.000563102,0.000300789,,
0.003258881,0.001954607,,
0.000506813,0.002462307,,
0.000835279,0.000304781,,
0.001057144,8.84E-05,,
0.008309958,0.001142621,,
0.001202896,0.001191164,,
0.000611472,0.000646308,,
0.001139777,0.001315924,,
0.000923679,0.001557605,,
0.000860098,0.001190272,,
0.000721846,0.00503241,,
0.001478834,0.000322514,,
0.001183828,0.005533231,,
0.001795706,0.0037702,,
0.00074417,0.000223663,,
0.00934707,0.022562545,,
0.000581812,0.000116454,,
0.002638304,0.001546353,,
0.000523492,0.000158271,,
0.000926493,0.000427019,,
0.000858517,0.000275933,,
0.001202023,0.000465209,,
0.000707813,0.000115093,,
0.003507064,0.020697196,,
0.00160675,0.000485274,,
0.000658474,0,,
0.000665631,0.000251046,,
0.000642901,8.94E-06,,
0.000670516,0.000106895,,
0.000717151,4.57E-05,,
0.000559966,4.47E-05,,
0.00096082,0.000308773,,
0.000715418,0.000196915,,
0.00153668,0.000383033,,
0.000623465,0.00046833,,
0.000607187,0,,
0.000556017,3.76E-05,,
0.002826092,0.002239533,,
0.000862525,0.000243328,,
0.001768338,0.003265266,,
0.000560564,0.000187185,,
0.000577226,8.25E-05,,
0.000571157,0.000338355,,
0.000580344,0.000140506,,
0.001034801,0.000130934,,
0.000692711,0.000461258,,
0.000665722,0.000233007,,
0.001890799,0.002033067,,
0.00057511,3.07E-05,,
0.001202555,0.000586683,,
0.000568636,0,,
0.001422271,0.000677064,,
0.018353024,0.01766355,,
0.000470701,0.000343396,,
0.000416878,0.000564113,,
0.001033123,0.000175636,,
0.000856297,0.000401,,
0.000900825,0.000996522,,
0.001227504,0.002231414,,
0.006412185,0.001650227,,
0.001305561,0.000330039,,
0.002689833,0.001514055,,
0.000660309,7.37E-05,,
0.000527661,3.94E-05,,
0.00056692,0.000326275,,
0.000554833,0,,
0.000578594,0.000155693,,
0.000588056,2.74E-05,,
0.000911037,0.00019253,,
0.007422609,0.001901161,,
0.000607751,0.001235217,,
0.00080025,7.54E-05,,
0.000552313,0,,
0.002089988,0.002042012,,
0.000916581,0.000853171,,
0.00058622,0.000275801,,
0.000530331,0.000139294,,
0.002614826,2.85E-05,,
0.000569682,5.81E-05,,
0.000610322,0,,
0.001075849,0.003801667,,
0.000942832,0.023039345,,
0.000661264,0.000285417,,
0.000688936,9.58E-05,,
0.000768441,0.001950108,,
0.000570817,5.10E-05,,
0.000875825,0.00025939,,
0.00123183,0.00043314,,
0.000767768,0.000297,,
0.000711069,1.44E-05,,
0.027859768,0.079528308,,
0.000625267,5.98E-05,,
0.004333505,0.003267354,,
0.001059581,5.02E-05,,
0.001097541,0.000154601,,
0.001238913,0.000358204,,
0.000459316,0.000218035,,
0.001027519,0.000467744,,
0.000551511,0.000351857,,
0.000843752,8.93E-05,,
0.000682565,0.000109278,,
0.000558276,0,,
0.000600187,0.001175174,,
0.037573446,0.020344636,,
0.000556758,6.46E-05,,
0.000955815,0.000280606,,
0.010040809,0.01085569,,
0.000887408,0.000676504,,
0.000584027,0.000219989,,
0.004851507,0.008065419,,
0.000855456,0.000716464,,
0.000924783,0.000769987,,
0.002562988,0.001240681,,
0.002974684,0.00129402,,
0.000576667,0.000215582,,
0.000853967,0.00016556,,
0.000567185,0.000348768,,
0.000940752,0.002853553,,
0.002396689,0.006223856,,
0.000622322,0.004240083,,
0.001291081,0.000458178,,
0.001415982,0.00048903,,
0.000565216,8.33E-05,,
0.000543733,0.000123132,,
0.000568274,9.48E-05,,
0.0005587,0.000104536,,
0.000783597,0.000631232,,
0.003150658,0.00073593,,
0.001104817,0.000394282,,
0.000936198,0.007205844,,
0.000604929,2.81E-05,,
0.001031802,2.62E-05,,
0.000668273,0.000391362,,
0.000841967,0.000120541,,
0.000725115,0.000386512,,
0.000734651,0.000179994,,
0.002191978,0.004222718,,
0.000547674,0,,
0.000864284,4.54E-05,,
0.000697135,0.000189519,,
0.000556268,6.55E-05,,
0.000851994,0.000161192,,
0.001445774,0.00057844,,
0.000832483,0.000331591,,
0.00065853,0.000240556,,
0.000567985,0.000101043,,
0.002002069,0.004613244,,
0.000556227,0.000475376,,
0.000826755,0.000476443,,
0.000845765,0.000863101,,
0.000565944,0.000479459,,
0.000556677,0.000147342,,
0.00056485,9.83E-05,,
0.000564408,9.69E-05,,
0.000597805,0.000110121,,
0.000758134,0.000156212,,
0.000849105,0.000348607,,
0.00063142,0.001044932,,
0.000592199,1.84E-05,,
0.001681779,0.001579088,,
0.001604657,0.000392719,,
0.001222515,0.000368218,,
0.000617164,8.08E-05,,
0.000533042,0.000128112,,
0.000931577,0.00053078,,
0.00069486,0.000224469,,
0.001265041,0.000510016,,
0.000556243,0.000283649,,
0.000594262,0.000428578,,
0.007691033,0.000695922,,
0.000722166,0.002287362,,
0.001395563,0.000441059,,
0.001664798,0.001205459,,
0.000662083,0.00028315,,
0.00055779,1.00E-04,,
0.000566158,0.000670056,,
0.000612171,8.50E-06,,
0.000934245,0.000564354,,
0.000561504,9.09E-05,,
0.000976386,0.00111568,,
0.001374518,0.000238573,,
0.000589486,0.000340739,,
0.003094549,0.007239299,,
0.000738913,0.001050329,,
0.000568319,0,,
0.000737112,7.60E-05,,
0.000856045,0.001107283,,
0.000555363,1.51E-05,,
0.000949122,0.000469156,,
0.001019228,0.00126172,,
0.000562344,7.37E-05,,
0.000615389,0.00096114,,
0.000630418,0.000131461,,
0.000568381,0.000118697,,
0.000572125,0.0003374,,
0.00066367,0.000191233,,
0.000673077,0.000199827,,
0.001574973,0.000550763,,
0.00064335,0.002184955,,
0.00057621,8.52E-05,,
0.000700089,0.000132994,,
0.0005587,0,,
0.00057291,0.000114616,,
0.000542299,0.000119978,,
0.0005587,0.000413562,,
0.00056579,2.21E-05,,
0.000682875,0,,
0.000561504,0,,
0.000599035,4.81E-05,,
0.000566367,2.02E-05,,
0.001428212,0.000598093,,
0.001850602,0.005113677,,
0.001087846,0.000252255,,
0.000585993,0.000234585,,
0.004389915,0.002113808,,
0.001528394,0.0010232,,
0.00132128,0.000348728,,
0.000649828,9.33E-05,,
0.000753236,0.001687044,,
0.009226827,0.003206906,,
0.000621951,0.000137742,,
0.000736013,0.000222853,,
0.000555472,0.000295916,,
0.000655962,6.93E-05,,
0.001490493,0.011370187,,
0.000565216,0.000289748,,
0.000584066,0.000249611,,
0.000751685,0.000216015,,
0.000862553,0.002874134,,
0.007953762,0.005839776,,
0.002574989,0.001831174,,
0.000692412,0.000564729,,
0.000560725,8.34E-05,,
0.000812307,0.000352708,,
0.000560564,0,,
0.001589835,0.004701896,,
0.000471765,0.000205841,,
0.001597081,0.000810869,,
0.001073384,0.002344843,,
0.000582671,8.06E-05,,
0.0005587,0.00012775,,
0.000557483,0.000197519,,
0.000606199,0.000414726,,
0.000606165,0.000239316,,
0.000597,0.000281512,,
0.000643091,0.000219608,,
0.000705378,0.000157645,,
0.000621284,0.000389725,,
0.000566367,1.67E-05,,
0.002328396,0.001219258,,
0.00060569,0.001485493,,
0.000534186,1.24E-05,,
0.00055993,7.20E-05,,
0.000734971,0.00012341,,
0.000619851,0.000187905,,
0.000638451,5.36E-05,,
0.001466818,0.001206493,,
0.000749001,0.000109055,,
0.000645094,0,,
0.000844659,0.000770878,,
0.000577307,0.000124449,,
0.00059367,0.000114817,,
0.001905039,0.001012354,,
0.000625516,0.000511153,,
0.00679255,0.004828144,,
0.002277738,0.001214882,,
0.000558276,9.01E-05,,
0.000655476,9.08E-05,,
0.002409045,0.001800162,,
0.001498183,0.000610488,,
0.000591691,0,,
0.001425623,0.005124668,,
0.0005587,0.000111985,,
0.000658371,1.84E-05,,
0.000869666,2.19E-05,,
0.000739526,0.000100573,,
0.012140054,0.017339683,,
0.000565215,7.54E-05,,
0.001343144,0.000354525,,
0.000791881,0.001371319,,
0.000584663,0.000112399,,
0.000556758,0.000102558,,
0.000665498,0.000221136,,
0.002871332,0.006901835,,
0.000624921,0.001021906,,
0.000802601,0.000787071,,
0.001924628,0.00249105,,
0.000594469,0.00010234,,
0.00156206,0.000685849,,
0.028381536,0.016608676,,
0.000616216,0.000631294,,
0.000947763,9.37E-05,,
0.001156781,0.000581122,,
0.000552999,0.000142402,,
0.000686214,0.000806837,,
0.00056664,0.000110673,,
0.000645338,0.000195696,,
0.00317223,0.000940802,,
0.00125094,0.00160556,,
0.002416073,0.000896366,,
0.000735697,0.000178234,,
0.000614747,0.000222724,,
0.000653862,0.000200878,,
0.000742872,0.000353281,,
0.000661039,0.00018432,,
0.000800906,0.001540063,,